变量名,name,name_tw,name_en,name_vn,name_kr,name_pt,name_th,icon,quality,exclusiveCards,itemsShow,languages,stackShow,strengthMax,strengthSeqID,advanceMax,advanceSeqID,advanceLvLimit,universalItems,attrTypes,attrNumRates,viceAttrRate,strengthAttrSeq,advanceAttrSeq,effect1,effect1LevelAdvSeq,effect2,effect2LevelAdvSeq,rebirthRMB,heldItemExp,fragID,produceGate1,produceGate2,produceGate3,produceDesc,produceDesc_tw,produceDesc_en,produceDesc_vn,produceDesc_kr,produceDesc_pt,produceDesc_th,effect
默认值,"""""","""""","""""","""""","""""","""""","""""","""""",3,<>,TRUE,<cn;tw;en;vn;th;kr;pt>,199,20,1,7,1,<>,<>,<1;13;7;9;8;10>,,0.5,1,1,0,<>,0,<>,10,0,0,"""""","""""","""""",可通过特殊运营活动获得,可透過特殊營運活動獲得,Obtainable through special events,Có thể nhận qua sự kiện đặc biệt,특별 운영 이벤트를 통해 획득 가능,Obtido através de eventos especiais,สามารถรับได้จากกิจกรรมพิเศษ,{drawcard=false;gain=false}
ID,名称,名称,名称,名称,名称,名称,名称,图标,品质,专属卡牌<markID;>,控制道具是否显示,语言区域,显示每组的堆叠上限,最大强化等级,强化序列ID,最大进阶突破上限,进阶突破序列ID,突破强化等级限制,进阶万能道具,基础属性类型,基础属性整体修正,副携带属性比例,强化加成序列ID,突破加成序列ID,携带效果1,携带效果1等级突破序列,携带效果2,携带效果2等级突破序列,重生消耗钻石,携带道具增加经验,碎片ID（对应合成的碎片）,产地(数字表示关卡;tower;shilian;pvp;yuanzheng;kaogu;jinbi;lianjin),产地(数字表示关卡;tower;shilian;pvp;yuanzheng;kaogu;jinbi),产地(数字表示关卡;tower;shilian;pvp;yuanzheng;kaogu;jinbi),前三个都没就读描述,前三个都没就读描述,前三个都没就读描述,前三个都没就读描述,前三个都没就读描述,前三个都没就读描述,前三个都没就读描述,分别表示在抽卡，恭喜获得
30101,白金宝珠,白金寶珠,Lustrous Orb,Bạch Kim Châu,백금옥,Lustrous Orb,ลูกแก้วแพลตตินั่ม,config/item/xddj/icon_bjbz.png,2,<>,TRUE,,199,80,2,7,1,<3;6;9;12;15;18;21;24;27;30;40;50;60;70;80>,<2151>,<1;13;7;9;8;10>,<1.1;0.9;1;1;1;1>,0.5,2,2,1,<0;1;2;3;4;5;6;7;8;9;10;11;12;13;14;15>,0,<>,2,90,0,,,,可通过饰品抽卡获得,可透過飾品抽獎獲得,Obtainable through accessory draw,Có thể nhận qua rút phụ kiện,장신구 뽑기를 통해 획득 가능,Obtido através do sorteio de acessórios,สามารถรับได้จากการสุ่มเครื่องประดับ,{drawcard=false;gain=false}
30102,可疑补丁,可疑修正檔,Dubious Disc,Đĩa Nghi Ngờ,괴상한패치,Dubious Disc,แผ่นดิสก์น่าสงสัย,config/item/xddj/icon_kybd.png,2,<>,TRUE,,199,80,2,7,2,<3;6;9;12;15;18;21;24;27;30;40;50;60;70;80>,<2151>,<1;13;7;9;8;10>,<1;0.9;1.1;1;1;1>,0.5,2,2,3,<0;1;2;3;4;5;6;7;8;9;10;11;12;13;14;15>,0,<>,2,90,0,,,,可通过饰品抽卡获得,可透過飾品抽獎獲得,Obtainable through accessory draw,Có thể nhận qua rút phụ kiện,장신구 뽑기를 통해 획득 가능,Obtido através do sorteio de acessórios,สามารถรับได้จากการสุ่มเครื่องประดับ,{drawcard=false;gain=false}
30103,美丽鳞片,美麗鱗片,Prism Scale,Vảy Đẹp,고운비늘,Prism Scale,เกล็ดงาม,config/item/xddj/icon_mllp.png,2,<>,TRUE,,199,80,2,7,3,<3;6;9;12;15;18;21;24;27;30;40;50;60;70;80>,<2151>,<1;13;7;9;8;10>,<1;0.9;1;1;1;1.1>,0.5,2,2,5,<0;1;2;3;4;5;6;7;8;9;10;11;12;13;14;15>,0,<>,2,90,0,,,,可通过饰品抽卡获得,可透過飾品抽獎獲得,Obtainable through accessory draw,Có thể nhận qua rút phụ kiện,장신구 뽑기를 통해 획득 가능,Obtido através do sorteio de acessórios,สามารถรับได้จากการสุ่มเครื่องประดับ,{drawcard=false;gain=false}
30104,泡沫奶油,泡沫奶油,Whipped Dream,Kem Bọt,휘핑팝,Whipped Dream,วิปครีม,config/item/xddj/icon_pfny.png,2,<>,TRUE,,199,80,2,7,4,<3;6;9;12;15;18;21;24;27;30;40;50;60;70;80>,<2151>,<1;13;7;9;8;10>,<1;0.9;1;1;1.1;1>,0.5,2,2,7,<0;1;2;3;4;5;6;7;8;9;10;11;12;13;14;15>,0,<>,2,90,0,,,,可通过饰品抽卡获得,可透過飾品抽獎獲得,Obtainable through accessory draw,Có thể nhận qua rút phụ kiện,장신구 뽑기를 통해 획득 가능,Obtido através do sorteio de acessórios,สามารถรับได้จากการสุ่มเครื่องประดับ,{drawcard=false;gain=false}
30105,力量护腕,力量護腕,Power Bracer,Vòng Tay Sức Mạnh,파워리스트,Power Bracer,พาวเวอร์เบรเซอร์,config/item/xddj/icon_llhw.png,2,<>,TRUE,,199,80,2,7,5,<3;6;9;12;15;18;21;24;27;30;40;50;60;70;80>,<2151>,<1;13;7;9;8;10>,<1;0.9;1;1.1;1;1>,0.5,2,2,9,<0;1;2;3;4;5;6;7;8;9;10;11;12;13;14;15>,0,<>,2,90,0,,,,可通过饰品抽卡获得,可透過飾品抽獎獲得,Obtainable through accessory draw,Có thể nhận qua rút phụ kiện,장신구 뽑기를 통해 획득 가능,Obtido através do sorteio de acessórios,สามารถรับได้จากการสุ่มเครื่องประดับ,{drawcard=false;gain=false}
30106,灵界之布,靈界之布,Reaper Cloth,Vải Linh Giới,영계의천,Reaper Cloth,ผ้ายมทูต,config/item/xddj/icon_ljzb.png,2,<>,TRUE,,199,80,2,7,6,<3;6;9;12;15;18;21;24;27;30;40;50;60;70;80>,<2151>,<1;13;7;9;8;10>,<1;1;1;1;1;1>,0.5,2,2,11,<0;1;2;3;4;5;6;7;8;9;10;11;12;13;14;15>,0,<>,2,90,0,,,,可通过饰品抽卡获得,可透過飾品抽獎獲得,Obtainable through accessory draw,Có thể nhận qua rút phụ kiện,장신구 뽑기를 통해 획득 가능,Obtido através do sorteio de acessórios,สามารถรับได้จากการสุ่มเครื่องประดับ,{drawcard=false;gain=false}
30201,讲究头带,講究頭帶,Choice Band,Băng Đô Lựa Chọn,구애머리띠,Choice Band,ผ้าคาดหัวเลือกสรร,config/item/xddj/icon_jjtj.png,3,<>,TRUE,,199,80,3,7,7,<3;6;9;12;15;18;21;24;27;30;40;50;60;70;80>,<2151>,<1;13;7;9;8;10>,<1.05;0.9;1;1.05;1;1>,0.5,3,3,15,<0;1;2;3;4;5;6;7;8;9;10;11;12;13;14;15>,0,<>,5,150,0,,,,可通过饰品抽卡获得,可透過飾品抽獎獲得,Obtainable through accessory draw,Có thể nhận qua rút phụ kiện,장신구 뽑기를 통해 획득 가능,Obtido através do sorteio de acessórios,สามารถรับได้จากการสุ่มเครื่องประดับ,{drawcard=false;gain=false}
30202,混元之石,混元之石,Everstone,Đá Bất Biến,변함없는돌,Everstone,หินไม่เปลี่ยนแปลง,config/item/xddj/icon_hyzs.png,3,<>,TRUE,,199,80,3,7,8,<3;6;9;12;15;18;21;24;27;30;40;50;60;70;80>,<2151>,<1;13;7;9;8;10>,<1.05;0.9;1;1;1;1.05>,0.5,3,3,17,<0;1;2;3;4;5;6;7;8;9;10;11;12;13;14;15>,0,<>,5,150,0,,,,可通过饰品抽卡获得,可透過飾品抽獎獲得,Obtainable through accessory draw,Có thể nhận qua rút phụ kiện,장신구 뽑기를 통해 획득 가능,Obtido através do sorteio de acessórios,สามารถรับได้จากการสุ่มเครื่องประดับ,{drawcard=false;gain=false}
30203,饱腹熏香,飽腹薰香,Full Incense,Nhang No Bụng,만복향로,Full Incense,เครื่องหอมอิ่มท้อง,config/item/xddj/icon_bfxx.png,3,<>,TRUE,,199,80,3,7,9,<3;6;9;12;15;18;21;24;27;30;40;50;60;70;80>,<2151>,<1;13;7;9;8;10>,<1;0.9;1;1.05;1;1.05>,0.5,3,3,19,<0;1;2;3;4;5;6;7;8;9;10;11;12;13;14;15>,0,<>,5,150,0,,,,可通过饰品抽卡获得,可透過飾品抽獎獲得,Obtainable through accessory draw,Có thể nhận qua rút phụ kiện,장신구 뽑기를 통해 획득 가능,Obtido através do sorteio de acessórios,สามารถรับได้จากการสุ่มเครื่องประดับ,{drawcard=false;gain=false}
30204,气势被带,氣勢披帶,Focus Sash,Dải Lụa Khí Phách,기합의띠,Focus Sash,แถบรัดมุ่งมั่น,config/item/xddj/icon_qspd.png,3,<>,TRUE,,199,80,3,7,10,<3;6;9;12;15;18;21;24;27;30;40;50;60;70;80>,<2151>,<1;13;7;9;8;10>,<1;0.9;1.1;1;1;1>,0.5,3,3,21,<0;1;2;3;4;5;6;7;8;9;10;11;12;13;14;15>,0,<>,5,150,0,,,,可通过饰品抽卡获得,可透過飾品抽獎獲得,Obtainable through accessory draw,Có thể nhận qua rút phụ kiện,장신구 뽑기를 통해 획득 가능,Obtido através do sorteio de acessórios,สามารถรับได้จากการสุ่มเครื่องประดับ,{drawcard=false;gain=false}
30205,球根,球根,Cell Battery,Bóng Đèn,풍선,Cell Battery,หัวพืช,config/item/xddj/icon_qg.png,3,<>,TRUE,,199,80,3,7,11,<3;6;9;12;15;18;21;24;27;30;40;50;60;70;80>,<2151>,<1;13;7;9;8;10>,<1;0.9;1;1;1.1;1>,0.5,3,3,23,<0;1;2;3;4;5;6;7;8;9;10;11;12;13;14;15>,0,<>,5,150,0,,,,可通过饰品抽卡获得,可透過飾品抽獎獲得,Obtainable through accessory draw,Có thể nhận qua rút phụ kiện,장신구 뽑기를 통해 획득 가능,Obtido através do sorteio de acessórios,สามารถรับได้จากการสุ่มเครื่องประดับ,{drawcard=false;gain=false}
30206,讲究眼镜,講究眼鏡,Choice Specs,Kính Lựa Chọn,구애안경,Choice Specs,แว่นตาเลือกสรร,config/item/xddj/icon_jjyj.png,3,<>,TRUE,,199,80,3,7,12,<3;6;9;12;15;18;21;24;27;30;40;50;60;70;80>,<2151>,<1;13;7;9;8;10>,<1.05;0.9;1.05;1;1;1>,0.5,3,3,25,<0;1;2;3;4;5;6;7;8;9;10;11;12;13;14;15>,0,<>,5,150,0,,,,可通过饰品抽卡获得,可透過飾品抽獎獲得,Obtainable through accessory draw,Có thể nhận qua rút phụ kiện,장신구 뽑기를 통해 획득 가능,Obtido através do sorteio de acessórios,สามารถรับได้จากการสุ่มเครื่องประดับ,{drawcard=false;gain=false}
30207,白玉宝珠,白玉寶珠,Lustrous Orb,Bạch Ngọc Châu,백옥,Lustrous Orb,ลูกแก้วขาว,config/item/xddj/icon_bybz.png,3,<>,TRUE,,199,80,3,7,13,<3;6;9;12;15;18;21;24;27;30;40;50;60;70;80>,<2151>,<1;13;7;9;8;10>,<1.05;0.9;1;1;1.05;1>,0.5,3,3,27,<0;1;2;3;4;5;6;7;8;9;10;11;12;13;14;15>,0,<>,5,150,0,,,,可通过饰品抽卡获得,可透過飾品抽獎獲得,Obtainable through accessory draw,Có thể nhận qua rút phụ kiện,장신구 뽑기를 통해 획득 가능,Obtido através do sorteio de acessórios,สามารถรับได้จากการสุ่มเครื่องประดับ,{drawcard=false;gain=false}
30208,先制之爪,先制之爪,Quick Claw,Vuốt Nhanh,선제의발톱,Quick Claw,กรงเล็บแหลมคม,config/item/xddj/icon_xzzz.png,3,<>,TRUE,,199,80,3,7,14,<3;6;9;12;15;18;21;24;27;30;40;50;60;70;80>,<2151>,<1;13;7;9;8;10>,<1;1;1;1;1;1>,0.5,3,3,29,<0;1;2;3;4;5;6;7;8;9;10;11;12;13;14;15>,0,<>,5,150,0,,,,可通过饰品抽卡获得,可透過飾品抽獎獲得,Obtainable through accessory draw,Có thể nhận qua rút phụ kiện,장신구 뽑기를 통해 획득 가능,Obtido através do sorteio de acessórios,สามารถรับได้จากการสุ่มเครื่องประดับ,{drawcard=false;gain=false}
30209,焦点镜,焦點鏡,Scope Lens,Kính Ngắm,초점렌즈,Scope Lens,เลนส์ซูม,config/item/xddj/icon_jdj.png,3,<>,TRUE,,199,80,3,7,15,<3;6;9;12;15;18;21;24;27;30;40;50;60;70;80>,<2151>,<1;13;7;9;8;10>,<1;1;1;1;1;1>,0.5,3,3,31,<0;1;2;3;4;5;6;7;8;9;10;11;12;13;14;15>,0,<>,5,150,0,,,,可通过饰品抽卡获得,可透過飾品抽獎獲得,Obtainable through accessory draw,Có thể nhận qua rút phụ kiện,장신구 뽑기를 통해 획득 가능,Obtido através do sorteio de acessórios,สามารถรับได้จากการสุ่มเครื่องประดับ,{drawcard=false;gain=false}
30301,吃剩的苹果,吃剩的蘋果,Leftovers,Táo Ăn Dở,먹다남은음식,Leftovers,ของเหลือ,config/item/xddj/icon_csddx.png,4,<>,TRUE,,199,80,4,7,16,<3;6;9;12;15;18;21;24;27;30;40;50;60;70;80>,<2152>,<1;13;7;9;8;10>,<1.1;0.9;1;1;1;1>,0.5,4,4,33,<0;1;2;3;4;5;6;7;8;9;10;11;12;13;14;15>,34,<0;1;2;3;4;5;6;7;8;9;10;11;12;13;14;15>,8,280,28001,,,,可通过饰品抽卡获得,可透過飾品抽獎獲得,Obtainable through accessory draw,Có thể nhận qua rút phụ kiện,장신구 뽑기를 통해 획득 가능,Obtido através do sorteio de acessórios,สามารถรับได้จากการสุ่มเครื่องประดับ,{drawcard=zi_effect_loop;gain=zi_effect_loop}
30302,熔岩增幅器,熔岩增幅器,Magmarizer,Dung Nham Tăng Cường,마그마부스터,Magmarizer,แม็กม่าบูสเตอร์,config/item/xddj/icon_ryzfq.png,4,<>,TRUE,,199,80,4,7,17,<3;6;9;12;15;18;21;24;27;30;40;50;60;70;80>,<2152>,<1;13;7;9;8;10>,<1;1;1;1;1;1>,0.5,4,4,35,<0;1;2;3;4;5;6;7;8;9;10;11;12;13;14;15>,36,<0;1;2;3;4;5;6;7;8;10>,8,280,28002,,,,可通过饰品抽卡获得,可透過飾品抽獎獲得,Obtainable through accessory draw,Có thể nhận qua rút phụ kiện,장신구 뽑기를 통해 획득 가능,Obtido através do sorteio de acessórios,สามารถรับได้จากการสุ่มเครื่องประดับ,{drawcard=zi_effect_loop;gain=zi_effect_loop}
30303,电力增幅器,電力增幅器,Electirizer,Điện Tăng Cường,에레키부스터,Electirizer,อิเล็กทริกบูสเตอร์,config/item/xddj/icon_dlzfq.png,4,<>,TRUE,,199,80,4,7,18,<3;6;9;12;15;18;21;24;27;30;40;50;60;70;80>,<2152>,<1;13;7;9;8;10>,<1;1;1;1;1;1>,0.5,4,4,37,<0;1;2;3;4;5;6;7;8;9;10;11;12;13;14;15>,38,<0;1;2;3;4;5;6;7;8;11>,8,280,28003,,,,可通过饰品抽卡获得,可透過飾品抽獎獲得,Obtainable through accessory draw,Có thể nhận qua rút phụ kiện,장신구 뽑기를 통해 획득 가능,Obtido através do sorteio de acessórios,สามารถรับได้จากการสุ่มเครื่องประดับ,{drawcard=zi_effect_loop;gain=zi_effect_loop}
30304,王者之证,王者之證,King's Rock,Vương Miện Vua,왕의징표석,King's Rock,เครื่องหมายราชา,config/item/xddj/icon_wzzz2.png,4,<>,TRUE,,199,80,4,7,19,<3;6;9;12;15;18;21;24;27;30;40;50;60;70;80>,<2152>,<1;13;7;9;8;10>,<1;1;1;1;1;1>,0.5,4,4,39,<0;1;2;3;4;5;6;7;8;9;10;11;12;13;14;15>,40,<0;1;2;3;4;5;6;7;8;12>,8,280,28004,,,,可通过饰品抽卡获得,可透過飾品抽獎獲得,Obtainable through accessory draw,Có thể nhận qua rút phụ kiện,장신구 뽑기를 통해 획득 가능,Obtido através do sorteio de acessórios,สามารถรับได้จากการสุ่มเครื่องประดับ,{drawcard=zi_effect_loop;gain=zi_effect_loop}
30305,心灵香草,心靈香草,Mental Herb,Thảo Dược Tinh Thần,멘탈허브,Mental Herb,สมุนไพรใจ,config/item/xddj/icon_xlxc.png,4,<>,TRUE,,199,80,4,7,20,<3;6;9;12;15;18;21;24;27;30;40;50;60;70;80>,<2152>,<1;13;7;9;8;10>,<1;0.9;1;1.05;1;1.05>,0.5,4,4,41,<0;1;2;3;4;5;6;7;8;9;10;11;12;13;14;15>,42,<0;1;2;3;4;5;6;7;8;13>,8,280,28005,,,,可通过饰品抽卡获得,可透過飾品抽獎獲得,Obtainable through accessory draw,Có thể nhận qua rút phụ kiện,장신구 뽑기를 통해 획득 가능,Obtido através do sorteio de acessórios,สามารถรับได้จากการสุ่มเครื่องประดับ,{drawcard=zi_effect_loop;gain=zi_effect_loop}
30306,气势头带,氣勢頭帶,Focus Band,Băng Đô Khí Phách,기합의머리띠,Focus Band,ผ้าคาดหัวมุ่งมั่น,config/item/xddj/icon_qstj.png,4,<>,TRUE,,199,80,4,7,21,<3;6;9;12;15;18;21;24;27;30;40;50;60;70;80>,<2152>,<1;13;7;9;8;10>,<1.1;0.9;1;1;1;1>,0.5,4,4,43,<0;1;2;3;4;5;6;7;8;9;10;11;12;13;14;15>,44,<0;1;2;3;4;5;6;7;8;14>,8,280,28006,,,,可通过饰品抽卡获得,可透過飾品抽獎獲得,Obtainable through accessory draw,Có thể nhận qua rút phụ kiện,장신구 뽑기를 통해 획득 가능,Obtido através do sorteio de acessórios,สามารถรับได้จากการสุ่มเครื่องประดับ,{drawcard=zi_effect_loop;gain=zi_effect_loop}
30307,柔软沙子,柔軟沙子,Soft Sand,Cát Mềm,부드러운모래,Soft Sand,ทรายนุ่ม,config/item/xddj/icon_rrsz.png,4,<>,TRUE,,199,80,4,7,22,<3;6;9;12;15;18;21;24;27;30;40;50;60;70;80>,<2152>,<1;13;7;9;8;10>,<1.05;0.95;1;1;1;1>,0.5,4,4,45,<0;1;2;3;4;5;6;7;8;9;10;11;12;13;14;15>,46,<0;1;2;3;4;5;6;7;8;15>,8,280,28007,,,,可通过饰品抽卡获得,可透過飾品抽獎獲得,Obtainable through accessory draw,Có thể nhận qua rút phụ kiện,장신구 뽑기를 통해 획득 가능,Obtido através do sorteio de acessórios,สามารถรับได้จากการสุ่มเครื่องประดับ,{drawcard=zi_effect_loop;gain=zi_effect_loop}
30308,丝绸围巾,絲綢圍巾,Silk Scarf,Khăn Lụa,실크스카프,Silk Scarf,ผ้าพันคอไหม,config/item/xddj/icon_jjwj.png,4,<>,TRUE,,199,80,4,7,23,<3;6;9;12;15;18;21;24;27;30;40;50;60;70;80>,<2152>,<1;13;7;9;8;10>,<1.05;0.95;1;1;1;1>,0.5,4,4,47,<0;1;2;3;4;5;6;7;8;9;10;11;12;13;14;15>,48,<0;1;2;3;4;5;6;7;8;16>,8,280,28008,,,,可通过饰品抽卡获得,可透過飾品抽獎獲得,Obtainable through accessory draw,Có thể nhận qua rút phụ kiện,장신구 뽑기를 통해 획득 가능,Obtido através do sorteio de acessórios,สามารถรับได้จากการสุ่มเครื่องประดับ,{drawcard=zi_effect_loop;gain=zi_effect_loop}
30309,诅咒之符,詛咒之符,Spell Tag,Bùa Nguyền Rủa,저주의부적,Spell Tag,ป้ายอาคม,config/item/xddj/icon_zzzf.png,4,<>,TRUE,,199,80,4,7,24,<3;6;9;12;15;18;21;24;27;30;40;50;60;70;80>,<2152>,<1;13;7;9;8;10>,<1.05;0.95;1;1;1;1>,0.5,4,4,49,<0;1;2;3;4;5;6;7;8;9;10;11;12;13;14;15>,50,<0;1;2;3;4;5;6;7;8;17>,8,280,28009,,,,可通过饰品抽卡获得,可透過飾品抽獎獲得,Obtainable through accessory draw,Có thể nhận qua rút phụ kiện,장신구 뽑기를 통해 획득 가능,Obtido através do sorteio de acessórios,สามารถรับได้จากการสุ่มเครื่องประดับ,{drawcard=zi_effect_loop;gain=zi_effect_loop}
30310,龙之牙,龍之牙,Dragon Fang,Nanh Rồng,용의이빨,Dragon Fang,เขี้ยวมังกร,config/item/xddj/icon_ly.png,4,<>,TRUE,,199,80,4,7,25,<3;6;9;12;15;18;21;24;27;30;40;50;60;70;80>,<2152>,<1;13;7;9;8;10>,<1.05;0.95;1;1;1;1>,0.5,4,4,51,<0;1;2;3;4;5;6;7;8;9;10;11;12;13;14;15>,52,<0;1;2;3;4;5;6;7;8;18>,8,280,28010,,,,可通过饰品抽卡获得,可透過飾品抽獎獲得,Obtainable through accessory draw,Có thể nhận qua rút phụ kiện,장신구 뽑기를 통해 획득 가능,Obtido através do sorteio de acessórios,สามารถรับได้จากการสุ่มเครื่องประดับ,{drawcard=zi_effect_loop;gain=zi_effect_loop}
30311,硬石头,硬石頭,Hard Stone,Đá Cứng,딱딱한돌,Hard Stone,หินแข็ง,config/item/xddj/icon_yst.png,4,<>,TRUE,,199,80,4,7,26,<3;6;9;12;15;18;21;24;27;30;40;50;60;70;80>,<2152>,<1;13;7;9;8;10>,<1.05;0.95;1;1;1;1>,0.5,4,4,53,<0;1;2;3;4;5;6;7;8;9;10;11;12;13;14;15>,54,<0;1;2;3;4;5;6;7;8;19>,8,280,28011,,,,可通过饰品抽卡获得,可透過飾品抽獎獲得,Obtainable through accessory draw,Có thể nhận qua rút phụ kiện,장신구 뽑기를 통해 획득 가능,Obtido através do sorteio de acessórios,สามารถรับได้จากการสุ่มเครื่องประดับ,{drawcard=zi_effect_loop;gain=zi_effect_loop}
30312,黑带,黑帶,Black Belt,Đai Đen,검은띠,Black Belt,เข็มขัดดำ,config/item/xddj/icon_qshd.png,4,<>,TRUE,,199,80,4,7,27,<3;6;9;12;15;18;21;24;27;30;40;50;60;70;80>,<2152>,<1;13;7;9;8;10>,<1.05;0.95;1;1;1;1>,0.5,4,4,55,<0;1;2;3;4;5;6;7;8;9;10;11;12;13;14;15>,56,<0;1;2;3;4;5;6;7;8;20>,8,280,28012,,,,可通过饰品抽卡获得,可透過飾品抽獎獲得,Obtainable through accessory draw,Có thể nhận qua rút phụ kiện,장신구 뽑기를 통해 획득 가능,Obtido através do sorteio de acessórios,สามารถรับได้จากการสุ่มเครื่องประดับ,{drawcard=zi_effect_loop;gain=zi_effect_loop}
30313,金属膜,金屬膜,Metal Coat,Màng Kim Loại,금속코트,Metal Coat,เมทัลโค้ท,config/item/xddj/icon_jsm.png,4,<>,TRUE,,199,80,4,7,28,<3;6;9;12;15;18;21;24;27;30;40;50;60;70;80>,<2152>,<1;13;7;9;8;10>,<1;0.9;1.1;1;1;1>,0.5,4,4,59,<0;1;2;3;4;5;6;7;8;9;10;11;12;13;14;15>,0,<>,8,280,28013,,,,可通过饰品抽卡获得,可透過飾品抽獎獲得,Obtainable through accessory draw,Có thể nhận qua rút phụ kiện,장신구 뽑기를 통해 획득 가능,Obtido através do sorteio de acessórios,สามารถรับได้จากการสุ่มเครื่องประดับ,{drawcard=zi_effect_loop;gain=zi_effect_loop}
30314,妖精存储器,妖精記憶碟,Fairy Memory,Bộ Nhớ Tiên,페어리메모리,Fairy Memory,แฟรี่เมมโมรี่,config/item/xddj/icon_yjccq.png,4,<>,TRUE,,199,80,4,7,29,<3;6;9;12;15;18;21;24;27;30;40;50;60;70;80>,<2152>,<1;13;7;9;8;10>,<1;0.9;1;1;1.1;1>,0.5,4,4,57,<0;1;2;3;4;5;6;7;8;9;10;11;12;13;14;15>,0,<>,8,280,28014,,,,可通过饰品抽卡获得,可透過飾品抽獎獲得,Obtainable through accessory draw,Có thể nhận qua rút phụ kiện,장신구 뽑기를 통해 획득 가능,Obtido através do sorteio de acessórios,สามารถรับได้จากการสุ่มเครื่องประดับ,{drawcard=zi_effect_loop;gain=zi_effect_loop}
30315,力量负重,力量負重,Power Weight,Tạ Sức Mạnh,파워웨이트,Power Weight,พาวเวอร์เวท,config/item/xddj/icon_llfz.png,4,<>,TRUE,,199,80,4,7,30,<3;6;9;12;15;18;21;24;27;30;40;50;60;70;80>,<2152>,<1;13;7;9;8;10>,<1;1;1;1;1;1>,0.5,4,4,71,<0;1;2;3;4;5;6;7;8;9;10;11;12;13;14;15>,0,<>,8,280,28015,,,,可通过饰品抽卡获得,可透過飾品抽獎獲得,Obtainable through accessory draw,Có thể nhận qua rút phụ kiện,장신구 뽑기를 통해 획득 가능,Obtido através do sorteio de acessórios,สามารถรับได้จากการสุ่มเครื่องประดับ,{drawcard=zi_effect_loop;gain=zi_effect_loop}
30316,奇异熏香,奇異薰香,Odd Incense,Nhang Kỳ Lạ,이상한향로,Odd Incense,เครื่องหอมประหลาด,config/item/xddj/icon_qyxx.png,4,<>,TRUE,,199,80,4,7,31,<3;6;9;12;15;18;21;24;27;30;40;50;60;70;80>,<2152>,<1;13;7;9;8;10>,<1.1;0.9;1;1;1;1>,0.5,4,4,72,<0;1;2;3;4;5;6;7;8;9;10;11;12;13;14;15>,0,<>,8,280,28016,,,,可通过饰品抽卡获得,可透過飾品抽獎獲得,Obtainable through accessory draw,Có thể nhận qua rút phụ kiện,장신구 뽑기를 통해 획득 가능,Obtido através do sorteio de acessórios,สามารถรับได้จากการสุ่มเครื่องประดับ,{drawcard=zi_effect_loop;gain=zi_effect_loop}
30317,心之水滴,心之水滴,Soul Dew,Sương Hồn,마음의물방울,Soul Dew,หยาดน้ำค้างแห่งใจ,config/item/xddj/icon_xzsd.png,4,<>,TRUE,,199,80,4,7,32,<3;6;9;12;15;18;21;24;27;30;40;50;60;70;80>,<2152>,<1;13;7;9;8;10>,<1.1;0.9;1;1;1;1>,0.5,4,4,73,<0;1;2;3;4;5;6;7;8;9;10;11;12;13;14;15>,0,<>,8,280,28017,,,,可通过饰品抽卡获得,可透過飾品抽獎獲得,Obtainable through accessory draw,Có thể nhận qua rút phụ kiện,장신구 뽑기를 통해 획득 가능,Obtido através do sorteio de acessórios,สามารถรับได้จากการสุ่มเครื่องประดับ,{drawcard=zi_effect_loop;gain=zi_effect_loop}
30318,对战通讯器,對戰通訊器,Vs. Seeker,Máy Tìm Trận,배틀서처,Vs. Seeker,เครื่องมือสื่อสารต่อสู้,config/item/xddj/icon_qxyxtxq.png,4,<>,TRUE,,199,80,4,7,46,<3;6;9;12;15;18;21;24;27;30;40;50;60;70;80>,<2152>,<1;13;7;9;8;10>,<1;1;1;1;1;1>,0.5,4,4,97,<0;1;2;3;4;5;6;7;8;9;10;11;12;13;14;15>,98,<0;1;2;3;4;5;6;7;8;9;10;11;12;13;14;15>,8,280,28018,,,,可在对战竞技场商店内获得,可於對戰競技場商店內獲得,Obtainable in the Battle Arena shop,Có thể nhận trong cửa hàng đấu trường chiến đấu,대전 경기장 상점에서 획득 가능,Obtido na loja da Arena de Batalha,สามารถรับได้ที่ร้านค้าในสนามประลอง,{drawcard=zi_effect_loop;gain=zi_effect_loop}
30319,小智的帽子,小智的帽子,Ash's Hat,Mũ Ash,지우의 모자,Chapéu do Ash,หมวกซาโตชิ,config/item/xddj/icon_pkqdmz.png,4,<>,TRUE,,199,80,4,7,54,<3;6;9;12;15;18;21;24;27;30;40;50;60;70;80>,<2152>,<1;13;7;9;8;10>,<1;1;1;1;1;1>,0.5,4,4,113,<0;1;2;3;4;5;6;7;8;9;10;11;12;13;14;15>,114,<0;1;2;3;4;5;6;7;8;9;10;11;12;13;14;15>,8,280,28019,,,,可通过特殊运营活动获得,可透過特殊營運活動獲得,Obtainable through special events,Có thể nhận qua sự kiện đặc biệt,특별 운영 이벤트를 통해 획득 가능,Obtido através de eventos especiais,สามารถรับได้จากกิจกรรมพิเศษ,{drawcard=zi_effect_loop;gain=zi_effect_loop}
30401,不朽之剑,不朽之劍,Immortal Sword,Kiếm Bất Diệt,불후의 검,Espada Imortal,ดาบอมตะ,config/item/xddj/icon_bxzj.png,5,<>,TRUE,,199,80,5,7,33,<3;6;9;12;15;18;21;24;27;30;40;50;60;70;80>,<2153>,<1;13;7;9;8;10>,<1;1;1;1;1;1>,0.5,5,5,74,<0;1;2;3;4;5;6;7;8;9;10;11;12;13;14;15>,58,<0;1;2;3;4;5;6;7;8;9;10;11;12;13;14;15>,10,520,28101,,,,可通过特殊运营活动获得,可透過特殊營運活動獲得,Obtainable through special events,Có thể nhận qua sự kiện đặc biệt,특별 운영 이벤트를 통해 획득 가능,Obtido através de eventos especiais,สามารถรับได้จากกิจกรรมพิเศษ,{drawcard=zi_effect_loop;gain=zi_effect_loop}
30402,赤焰之爪,赤焰之爪,Crimson Flame Claw,Vuốt Lửa Đỏ,적염의 발톱,Garra da Chama Carmesim,กรงเล็บเพลิงสีชาด,config/item/xddj/icon_lyzz.png,5,<>,TRUE,,199,80,5,7,34,<3;6;9;12;15;18;21;24;27;30;40;50;60;70;80>,<2153>,<1;13;7;9;8;10>,<1;1;1.2;0.8;1.2;0.8>,0.5,5,5,78,<0;1;2;3;4;5;6;7;8;9;10;11;12;13;14;15>,77,<0;1;2;3;4;5;6;7;8;9;10;11;12;13;14;15>,10,520,28102,,,,可通过特殊运营活动获得,可透過特殊營運活動獲得,Obtainable through special events,Có thể nhận qua sự kiện đặc biệt,특별 운영 이벤트를 통해 획득 가능,Obtido através de eventos especiais,สามารถรับได้จากกิจกรรมพิเศษ,{drawcard=zi_effect_loop;gain=zi_effect_loop}
30403,不朽之盾,不朽之盾,Immortal Shield,Khiên Bất Diệt,불후의 방패,Escudo Imortal,โล่อมตะ,config/item/xddj/icon_bxzd.png,5,<>,TRUE,,199,80,5,7,35,<3;6;9;12;15;18;21;24;27;30;40;50;60;70;80>,<2153>,<1;13;7;9;8;10>,<1.1;0.9;1;1;1;1>,0.5,5,5,76,<0;1;2;3;4;5;6;7;8;9;10;11;12;13;14;15>,75,<0;1;2;3;4;5;6;7;8;9;10;11;12;13;14;15>,10,520,28103,,,,可通过特殊运营活动获得,可透過特殊營運活動獲得,Obtainable through special events,Có thể nhận qua sự kiện đặc biệt,특별 운영 이벤트를 통해 획득 가능,Obtido através de eventos especiais,สามารถรับได้จากกิจกรรมพิเศษ,{drawcard=zi_effect_loop;gain=zi_effect_loop}
30404,高能护腕,高能護腕,High-Energy Bracer,Vòng Tay Năng Lượng Cao,고에너지 팔찌,Braçadeira de Alta Energia,ข้อมือพลังงานสูง,config/item/xddj/icon_gnhw.png,5,<>,TRUE,,199,80,5,7,36,<3;6;9;12;15;18;21;24;27;30;40;50;60;70;80>,<2153>,<1;13;7;9;8;10>,<1.2;0.8;1;1;1;1>,0.5,5,5,80,<0;1;2;3;4;5;6;7;8;9;10;11;12;13;14;15>,79,<0;1;2;3;4;5;6;7;8;9;10;11;12;13;14;15>,10,520,28104,,,,可通过特殊运营活动获得,可透過特殊營運活動獲得,Obtainable through special events,Có thể nhận qua sự kiện đặc biệt,특별 운영 이벤트를 통해 획득 가능,Obtido através de eventos especiais,สามารถรับได้จากกิจกรรมพิเศษ,{drawcard=zi_effect_loop;gain=zi_effect_loop}
30405,强力手环,強力手環,Power Ring,Vòng Tay Sức Mạnh,강력한 팔찌,Power Ring,กำไลทรงพลัง,config/item/xddj/icon_qlsh.png,5,<>,TRUE,,199,80,5,7,37,<3;6;9;12;15;18;21;24;27;30;40;50;60;70;80>,<2153>,<1;13;7;9;8;10>,<1;1.1;1.15;0.8;1.15;0.8>,0.5,5,5,82,<0;1;2;3;4;5;6;7;8;9;10;11;12;13;14;15>,81,<0;1;2;3;4;5;6;7;8;9;10;11;12;13;14;15>,10,520,28105,,,,可通过特殊运营活动获得,可透過特殊營運活動獲得,Obtainable through special events,Có thể nhận qua sự kiện đặc biệt,특별 운영 이벤트를 통해 획득 가능,Obtido através de eventos especiais,สามารถรับได้จากกิจกรรมพิเศษ,{drawcard=zi_effect_loop;gain=zi_effect_loop}
30406,精灵之笛,寶可夢之笛,Poké Flute,Sáo Pokémon,포켓몬피리,Flauta Pokémon,ขลุ่ยโปเกมอน,config/item/xddj/icon_bkmzd.png,5,<>,TRUE,,199,80,5,7,38,<3;6;9;12;15;18;21;24;27;30;40;50;60;70;80>,<2153>,<1;13;7;9;8;10>,<1;0.8;1;1.1;1;1.1>,0.5,5,5,92,<0;1;2;3;4;5;6;7;8;9;10;11;12;13;14;15>,91,<0;1;2;3;4;5;6;7;8;9;10;11;12;13;14;15>,10,520,28106,,,,可通过特殊运营活动获得,可透過特殊營運活動獲得,Obtainable through special events,Có thể nhận qua sự kiện đặc biệt,특별 운영 이벤트를 통해 획득 가능,Obtido através de eventos especiais,สามารถรับได้จากกิจกรรมพิเศษ,{drawcard=zi_effect_loop;gain=zi_effect_loop}
30407,共鸣元素,共鳴元素,Resonance element,Nguyên Tố Cộng Hưởng,공명 원소,Resonance element,ธาตุสะท้อน,config/item/xddj/icon_gmys.png,5,<>,TRUE,,199,80,5,7,39,<3;6;9;12;15;18;21;24;27;30;40;50;60;70;80>,<2153>,<1;13;7;9;8;10>,<1;1;1;1;1;1>,0.5,5,5,86,<0;1;2;3;4;5;6;7;8;9;10;11;12;13;14;15>,85,<0;1;2;3;4;5;6;7;8;9;10;11;12;13;14;15>,10,520,28107,,,,可通过特殊运营活动获得,可透過特殊營運活動獲得,Obtainable through special events,Có thể nhận qua sự kiện đặc biệt,특별 운영 이벤트를 통해 획득 가능,Obtido através de eventos especiais,สามารถรับได้จากกิจกรรมพิเศษ,{drawcard=zi_effect_loop;gain=zi_effect_loop}
30408,极巨腕带,極巨腕帶,Dynamax Band,Vòng Tay Dynamax,다이맥스밴드,Dynamax Band,ไดแมกซ์แบนด์,config/item/xddj/icon_jjwd.png,5,<>,TRUE,,199,80,5,7,40,<3;6;9;12;15;18;21;24;27;30;40;50;60;70;80>,<2153>,<1;13;7;9;8;10>,<1;0.8;1.1;1;1.1;1>,0.5,5,5,88,<0;1;2;3;4;5;6;7;8;9;10;11;12;13;14;15>,87,<0;1;2;3;4;5;6;7;8;9;10;11;12;13;14;15>,10,520,28108,,,,可通过特殊运营活动获得,可透過特殊營運活動獲得,Obtainable through special events,Có thể nhận qua sự kiện đặc biệt,특별 운영 이벤트를 통해 획득 가능,Obtido através de eventos especiais,สามารถรับได้จากกิจกรรมพิเศษ,{drawcard=zi_effect_loop;gain=zi_effect_loop}
30409,西尔佛检视镜,西爾佛檢視鏡,Silph Scope,Kính Silph,실프스코프,Silph Scope,ซิลฟ์สโคป,config/item/xddj/icon_xefjsj.png,5,<>,TRUE,,199,80,5,7,41,<3;6;9;12;15;18;21;24;27;30;40;50;60;70;80>,<2153>,<1;13;7;9;8;10>,<1;1;1.1;0.9;1;1>,0.5,5,5,90,<0;1;2;3;4;5;6;7;8;9;10;11;12;13;14;15>,89,<0;1;2;3;4;5;6;7;8;9;10;11;12;13;14;15>,10,520,28109,,,,可通过特殊运营活动获得,可透過特殊營運活動獲得,Obtainable through special events,Có thể nhận qua sự kiện đặc biệt,특별 운영 이벤트를 통해 획득 가능,Obtido através de eventos especiais,สามารถรับได้จากกิจกรรมพิเศษ,{drawcard=zi_effect_loop;gain=zi_effect_loop}
30410,博士面具,博士面具,Professor's Mask,Mặt Nạ Giáo Sư,박사의 가면,Máscara do Professor,หน้ากากศาสตราจารย์,config/item/xddj/icon_bsdmz.png,5,<>,TRUE,,199,80,5,7,42,<3;6;9;12;15;18;21;24;27;30;40;50;60;70;80>,<2153>,<1;13;7;9;8;10>,<1.1;0.9;1;1;1;1>,0.5,5,5,96,<0;1;2;3;4;5;6;7;8;9;10;11;12;13;14;15>,95,<0;1;2;3;4;5;6;7;8;9;10;11;12;13;14;15>,10,520,28110,,,,可通过特殊运营活动获得,可透過特殊營運活動獲得,Obtainable through special events,Có thể nhận qua sự kiện đặc biệt,특별 운영 이벤트를 통해 획득 가능,Obtido através de eventos especiais,สามารถรับได้จากกิจกรรมพิเศษ,{drawcard=zi_effect_loop;gain=zi_effect_loop}
30411,宝石手镯,寶石手鐲,Gem bracelet,Vòng Tay Đá Quý,보석 팔찌,Gem bracelet,กำไลอัญมณี,config/item/xddj/icon_bssz.png,5,<>,TRUE,,199,80,5,7,47,<3;6;9;12;15;18;21;24;27;30;40;50;60;70;80>,<2153>,<1;13;7;9;8;10>,<1;1;1;1;1;1>,0.5,5,5,99,<0;1;2;3;4;5;6;7;8;9;10;11;12;13;14;15>,100,<0;1;2;3;4;5;6;7;8;9;10;11;12;13;14;15>,10,520,28111,,,,可通过特殊运营活动获得,可透過特殊營運活動獲得,Obtainable through special events,Có thể nhận qua sự kiện đặc biệt,특별 운영 이벤트를 통해 획득 가능,Obtido através de eventos especiais,สามารถรับได้จากกิจกรรมพิเศษ,{drawcard=zi_effect_loop;gain=zi_effect_loop}
30412,超级眼镜,超級眼鏡,Mega Glasses,Kính Mega,메가안경,Mega Óculos,เมก้าแว่นตา,config/item/xddj/icon_cjyj.png,5,<>,TRUE,,199,80,5,7,48,<3;6;9;12;15;18;21;24;27;30;40;50;60;70;80>,<2153>,<1;13;7;9;8;10>,<1;1;1;1;0.9;1.1>,0.5,5,5,101,<0;1;2;3;4;5;6;7;8;9;10;11;12;13;14;15>,102,<0;1;2;3;4;5;6;7;8;9;10;11;12;13;14;15>,10,520,28112,,,,可通过特殊运营活动获得,可透過特殊營運活動獲得,Obtainable through special events,Có thể nhận qua sự kiện đặc biệt,특별 운영 이벤트를 통해 획득 가능,Obtido através de eventos especiais,สามารถรับได้จากกิจกรรมพิเศษ,{drawcard=zi_effect_loop;gain=zi_effect_loop}
30413,超级领针,超級領針,Mega Stickpin,Ghim Cài Mega,메가브로치,Mega Stickpin,เข็มกลัดเมก้า,config/item/xddj/icon_cjlz.png,5,<>,TRUE,,199,80,5,7,49,<3;6;9;12;15;18;21;24;27;30;40;50;60;70;80>,<2153>,<1;13;7;9;8;10>,<1.1;0.9;1;1;1;1>,0.5,5,5,103,<0;1;2;3;4;5;6;7;8;9;10;11;12;13;14;15>,104,<0;1;2;3;4;5;6;7;8;9;10;11;12;13;14;15>,10,520,28113,,,,可通过特殊运营活动获得,可透過特殊營運活動獲得,Obtainable through special events,Có thể nhận qua sự kiện đặc biệt,특별 운영 이벤트를 통해 획득 가능,Obtido através de eventos especiais,สามารถรับได้จากกิจกรรมพิเศษ,{drawcard=zi_effect_loop;gain=zi_effect_loop}
30414,防尘护目镜,防塵護目鏡,Safety Goggles,Kính Chống Bụi,방진고글,Óculos de Proteção,แว่นตากันฝุ่น,config/item/xddj/icon_fchmj.png,5,<>,TRUE,,199,80,5,7,50,<3;6;9;12;15;18;21;24;27;30;40;50;60;70;80>,<2153>,<1;13;7;9;8;10>,<1;1;1;1;1;1>,0.5,5,5,105,<0;1;2;3;4;5;6;7;8;9;10;11;12;13;14;15>,106,<0;1;2;3;4;5;6;7;8;9;10;11;12;13;14;15>,10,520,28114,,,,可通过特殊运营活动获得,可透過特殊營運活動獲得,Obtainable through special events,Có thể nhận qua sự kiện đặc biệt,특별 운영 이벤트를 통해 획득 가능,Obtido através de eventos especiais,สามารถรับได้จากกิจกรรมพิเศษ,{drawcard=zi_effect_loop;gain=zi_effect_loop}
30415,超能腕表,超能腕錶,Mega Watch,Đồng Hồ Tâm Linh,사이코 워치,Mega Watch,นาฬิกาพลังจิต,config/item/xddj/icon_cnwb.png,5,<>,TRUE,,199,80,5,7,51,<3;6;9;12;15;18;21;24;27;30;40;50;60;70;80>,<2153>,<1;13;7;9;8;10>,<1;1;1;1;1;1>,0.5,5,5,107,<0;1;2;3;4;5;6;7;8;9;10;11;12;13;14;15>,108,<0;1;2;3;4;5;6;7;8;9;10;11;12;13;14;15>,10,520,28115,,,,可通过特殊运营活动获得,可透過特殊營運活動獲得,Obtainable through special events,Có thể nhận qua sự kiện đặc biệt,특별 운영 이벤트를 통해 획득 가능,Obtido através de eventos especiais,สามารถรับได้จากกิจกรรมพิเศษ,{drawcard=zi_effect_loop;gain=zi_effect_loop}
30416,探宝器,探寶器,Dowsing Machine,Máy Dò Tìm,다우징머신,Dowsing Machine,เครื่องค้นหาสมบัติ,config/item/xddj/icon_tbq.png,5,<>,TRUE,,199,80,5,7,52,<3;6;9;12;15;18;21;24;27;30;40;50;60;70;80>,<2153>,<1;13;7;9;8;10>,<1.1;0.9;1;1;1;1>,0.5,5,5,109,<0;1;2;3;4;5;6;7;8;9;10;11;12;13;14;15>,110,<0;1;2;3;4;5;6;7;8;9;10;11;12;13;14;15>,10,520,28116,,,,可通过特殊运营活动获得,可透過特殊營運活動獲得,Obtainable through special events,Có thể nhận qua sự kiện đặc biệt,특별 운영 이벤트를 통해 획득 가능,Obtido através de eventos especiais,สามารถรับได้จากกิจกรรมพิเศษ,{drawcard=zi_effect_loop;gain=zi_effect_loop}
30417,现形镜,現形鏡,Reveal Glass,Gương Phản Chiếu,리Reveal Glass,Reveal Glass,กระจกสะท้อนร่าง,config/item/xddj/icon_xxj.png,5,<>,TRUE,,199,80,5,7,53,<3;6;9;12;15;18;21;24;27;30;40;50;60;70;80>,<2153>,<1;13;7;9;8;10>,<1.1;0.9;1;1;1;1>,0.5,5,5,111,<0;1;2;3;4;5;6;7;8;9;10;11;12;13;14;15>,112,<0;1;2;3;4;5;6;7;8;9;10;11;12;13;14;15>,10,520,28117,,,,可通过特殊运营活动获得,可透過特殊營運活動獲得,Obtainable through special events,Có thể nhận qua sự kiện đặc biệt,특별 운영 이벤트를 통해 획득 가능,Obtido através de eventos especiais,สามารถรับได้จากกิจกรรมพิเศษ,{drawcard=zi_effect_loop;gain=zi_effect_loop}
30418,神秘项链,神秘項鍊,Mystery Necklace,Vòng Cổ Bí Ẩn,신비한 목걸이,Colar Misterioso,สร้อยคอลึกลับ,config/item/xddj/icon_smxl.png,5,<>,TRUE,,199,80,5,7,55,<3;6;9;12;15;18;21;24;27;30;40;50;60;70;80>,<2153>,<1;13;7;9;8;10>,<1;0.9;1.05;1;1.05;1>,0.5,5,5,115,<0;1;2;3;4;5;6;7;8;9;10;11;12;13;14;15>,116,<0;1;2;3;4;5;6;7;8;9;10;11;12;13;14;15>,10,520,28118,,,,可通过特殊运营活动获得,可透過特殊營運活動獲得,Obtainable through special events,Có thể nhận qua sự kiện đặc biệt,특별 운영 이벤트를 통해 획득 가능,Obtido através de eventos especiais,สามารถรับได้จากกิจกรรมพิเศษ,{drawcard=zi_effect_loop;gain=zi_effect_loop}
30419,超能轮滑鞋,超能輪滑鞋,Mega Roller Skates,Giày Trượt Tâm Linh,사이코 스케이트,Mega Roller Skates,โรลเลอร์สเก็ตพลังจิต,config/item/xddj/icon_cjlhx.png,5,<>,TRUE,,199,80,5,7,56,<3;6;9;12;15;18;21;24;27;30;40;50;60;70;80>,<2153>,<1;13;7;9;8;10>,<1;1;1;1;1;1>,0.5,5,5,117,<0;1;2;3;4;5;6;7;8;9;10;11;12;13;14;15>,118,<0;1;2;3;4;5;6;7;8;9;10;11;12;13;14;15>,10,520,28119,,,,可通过特殊运营活动获得,可透過特殊營運活動獲得,Obtainable through special events,Có thể nhận qua sự kiện đặc biệt,특별 운영 이벤트를 통해 획득 가능,Obtido através de eventos especiais,สามารถรับได้จากกิจกรรมพิเศษ,{drawcard=zi_effect_loop;gain=zi_effect_loop}
30420,武士头盔,武士頭盔,Samurai Helmet,Mũ Samurai,무사 투구,Capacete de Samurai,หมวกซามูไร,config/item/xddj/icon_wstk.png,5,<>,TRUE,,199,80,5,7,57,<3;6;9;12;15;18;21;24;27;30;40;50;60;70;80>,<2153>,<1;13;7;9;8;10>,<1.1;0.9;1;1;1;1>,0.5,5,5,119,<0;1;2;3;4;5;6;7;8;9;10;11;12;13;14;15>,120,<0;1;2;3;4;5;6;7;8;9;10;11;12;13;14;15>,10,520,28120,,,,可通过特殊运营活动获得,可透過特殊營運活動獲得,Obtainable through special events,Có thể nhận qua sự kiện đặc biệt,특별 운영 이벤트를 통해 획득 가능,Obtido através de eventos especiais,สามารถรับได้จากกิจกรรมพิเศษ,{drawcard=zi_effect_loop;gain=zi_effect_loop}
30421,痛苦面具,痛苦面具,Mask of Pain,Mặt Nạ Đau Khổ,고통의 가면,Mask of Pain,หน้ากากแห่งความทุกข์,config/item/xddj/icon_tkmj.png,5,<>,TRUE,,199,80,5,7,58,<3;6;9;12;15;18;21;24;27;30;40;50;60;70;80>,<2153>,<1;13;7;9;8;10>,<1.1;0.9;1;1;1;1>,0.5,5,5,121,<0;1;2;3;4;5;6;7;8;9;10;11;12;13;14;15>,122,<0;1;2;3;4;5;6;7;8;9;10;11;12;13;14;15>,10,520,28121,,,,可通过特殊运营活动获得,可透過特殊營運活動獲得,Obtainable through special events,Có thể nhận qua sự kiện đặc biệt,특별 운영 이벤트를 통해 획득 가능,Obtido através de eventos especiais,สามารถรับได้จากกิจกรรมพิเศษ,{drawcard=zi_effect_loop;gain=zi_effect_loop}
30422,葛拉西蒂亚花,葛拉西蒂亞花,Gracidea,Hoa Gracidea,그라시데아꽃,Gracidea,ดอกไม้เกรซิเดีย,config/item/xddj/icon_glxdyh.png,5,<>,FALSE,,199,80,5,7,59,<3;6;9;12;15;18;21;24;27;30;40;50;60;70;80>,<2153>,<1;13;7;9;8;10>,<1.2;1.1;0.8;1;0.8;1>,0.5,5,5,123,<0;1;2;3;4;5;6;7;8;9;10;11;12;13;14;15>,124,<0;1;2;3;4;5;6;7;8;9;10;11;12;13;14;15>,10,520,28122,,,,可通过特殊运营活动获得,可透過特殊營運活動獲得,Obtainable through special events,Có thể nhận qua sự kiện đặc biệt,특별 운영 이벤트를 통해 획득 가능,Obtido através de eventos especiais,สามารถรับได้จากกิจกรรมพิเศษ,{drawcard=zi_effect_loop;gain=zi_effect_loop}
30423,索尔合体器,索爾合體器,N-Solarizer,Máy Hợp Thể N-Solar,N-솔라라이저,N-Solarizer,เครื่องรวมร่างโซลาร์,config/item/xddj/icon_sehtq.png,5,<>,TRUE,,199,80,5,7,60,<3;6;9;12;15;18;21;24;27;30;40;50;60;70;80>,<2153>,<1;13;7;9;8;10>,<1;1.1;1.1;0.9;1.1;0.9>,0.5,5,5,125,<0;1;2;3;4;5;6;7;8;9;10;11;12;13;14;15>,126,<0;1;2;3;4;5;6;7;8;9;10;11;12;13;14;15>,10,520,28123,,,,可通过特殊运营活动获得,可透過特殊營運活動獲得,Obtainable through special events,Có thể nhận qua sự kiện đặc biệt,특별 운영 이벤트를 통해 획득 가능,Obtido através de eventos especiais,สามารถรับได้จากกิจกรรมพิเศษ,{drawcard=zi_effect_loop;gain=zi_effect_loop}
30424,基因之楔,基因之楔,DNA Splicers,Nêm Gen,유전자쐐기,DNA Splicers,ลิ่มยีนส์,config/item/xddj/icon_jyzx.png,5,<>,TRUE,,199,80,5,7,61,<3;6;9;12;15;18;21;24;27;30;40;50;60;70;80>,<2153>,<1;13;7;9;8;10>,<1;0.8;1.1;1;1.1;1>,0.5,5,5,127,<0;1;2;3;4;5;6;7;8;9;10;11;12;13;14;15>,128,<0;1;2;3;4;5;6;7;8;9;10;11;12;13;14;15>,10,520,28124,,,,可通过特殊运营活动获得,可透過特殊營運活動獲得,Obtainable through special events,Có thể nhận qua sự kiện đặc biệt,특별 운영 이벤트를 통해 획득 가능,Obtido através de eventos especiais,สามารถรับได้จากกิจกรรมพิเศษ,{drawcard=zi_effect_loop;gain=zi_effect_loop}
30425,神隐王冠,神隱王冠,Spirited Away Crown,Vương Miện Vô Hình,숨겨진 왕관,Spirited Away Crown,มงกุฎล่องหน,config/item/xddj/icon_smwg.png,5,<>,TRUE,,199,80,5,7,62,<3;6;9;12;15;18;21;24;27;30;40;50;60;70;80>,<2153>,<1;13;7;9;8;10>,<1.1;0.9;1;1;1;1>,0.5,5,5,129,<0;1;2;3;4;5;6;7;8;9;10;11;12;13;14;15>,130,<0;1;2;3;4;5;6;7;8;9;10;11;12;13;14;15>,10,520,28125,,,,可通过特殊运营活动获得,可透過特殊營運活動獲得,Obtainable through special events,Có thể nhận qua sự kiện đặc biệt,특별 운영 이벤트를 통해 획득 가능,Obtido através de eventos especiais,สามารถรับได้จากกิจกรรมพิเศษ,{drawcard=zi_effect_loop;gain=zi_effect_loop}
30426,骑士长矛,騎士長矛,Knight Spear,Thương Hiệp Sĩ,기사의 창,Knight Spear,หอกอัศวิน,config/item/xddj/icon_qscm.png,5,<>,TRUE,,199,80,5,7,63,<3;6;9;12;15;18;21;24;27;30;40;50;60;70;80>,<2153>,<1;13;7;9;8;10>,<1;1;1;1;1;1>,0.5,5,5,131,<0;1;2;3;4;5;6;7;8;9;10;11;12;13;14;15>,132,<0;1;2;3;4;5;6;7;8;9;10;11;12;13;14;15>,10,520,28126,,,,可通过特殊运营活动获得,可透過特殊營運活動獲得,Obtainable through special events,Có thể nhận qua sự kiện đặc biệt,특별 운영 이벤트를 통해 획득 가능,Obtido através de eventos especiais,สามารถรับได้จากกิจกรรมพิเศษ,{drawcard=zi_effect_loop;gain=zi_effect_loop}
30427,火焰宝珠,火焰寶珠,Flame Orb,Ngọc Lửa,화염구슬,Orbe de Fogo,ลูกแก้วเพลิง,config/item/xddj/icon_hybz.png,5,<>,TRUE,,199,80,5,7,64,<3;6;9;12;15;18;21;24;27;30;40;50;60;70;80>,<2153>,<1;13;7;9;8;10>,<1;1;1.2;0.8;1.2;0.8>,0.5,5,5,133,<0;1;2;3;4;5;6;7;8;9;10;11;12;13;14;15>,134,<0;1;2;3;4;5;6;7;8;9;10;11;12;13;14;15>,10,520,28127,,,,可通过特殊运营活动获得,可透過特殊營運活動獲得,Obtainable through special events,Có thể nhận qua sự kiện đặc biệt,특별 운영 이벤트를 통해 획득 가능,Obtido através de eventos especiais,สามารถรับได้จากกิจกรรมพิเศษ,{drawcard=zi_effect_loop;gain=zi_effect_loop}
30428,迅猛铃铛,迅猛鈴鐺,Swift Bell,Chuông Tốc Hành,신속의 방울,Sino Rápido,กระดิ่งว่องไว,config/item/xddj/icon_gjld.png,5,<>,TRUE,,199,80,5,7,65,<3;6;9;12;15;18;21;24;27;30;40;50;60;70;80>,<2153>,<1;13;7;9;8;10>,<1;1;1;1;1.1;0.9>,0.5,5,5,135,<0;1;2;3;4;5;6;7;8;9;10;11;12;13;14;15>,136,<0;1;2;3;4;5;6;7;8;9;10;11;12;13;14;15>,10,520,28128,,,,可通过特殊运营活动获得,可透過特殊營運活動獲得,Obtainable through special events,Có thể nhận qua sự kiện đặc biệt,특별 운영 이벤트를 통해 획득 가능,Obtido através de eventos especiais,สามารถรับได้จากกิจกรรมพิเศษ,{drawcard=zi_effect_loop;gain=zi_effect_loop}
30429,坚固铃铛,堅固鈴鐺,Sturdy Bell,Chuông Bền Bỉ,견고한 방울,Sino Resistente,กระดิ่งแข็งแกร่ง,config/item/xddj/icon_fyld.png,5,<>,TRUE,,199,80,5,7,66,<3;6;9;12;15;18;21;24;27;30;40;50;60;70;80>,<2153>,<1;13;7;9;8;10>,<1.1;0.9;1;1;1;1>,0.5,5,5,137,<0;1;2;3;4;5;6;7;8;9;10;11;12;13;14;15>,138,<0;1;2;3;4;5;6;7;8;9;10;11;12;13;14;15>,10,520,28129,,,,可通过特殊运营活动获得,可透過特殊營運活動獲得,Obtainable through special events,Có thể nhận qua sự kiện đặc biệt,특별 운영 이벤트를 통해 획득 가능,Obtido através de eventos especiais,สามารถรับได้จากกิจกรรมพิเศษ,{drawcard=zi_effect_loop;gain=zi_effect_loop}
30430,羁绊铃铛,羈絆鈴鐺,Bond Bell,Chuông Gắn Kết,유대의 방울,Sino de Vínculo,กระดิ่งสายใย,config/item/xddj/icon_kzld.png,5,<>,TRUE,,199,80,5,7,67,<3;6;9;12;15;18;21;24;27;30;40;50;60;70;80>,<2153>,<1;13;7;9;8;10>,<1;1;1;1;1;1>,0.5,5,5,139,<0;1;2;3;4;5;6;7;8;9;10;11;12;13;14;15>,140,<0;1;2;3;4;5;6;7;8;9;10;11;12;13;14;15>,10,520,28130,,,,可通过特殊运营活动获得,可透過特殊營運活動獲得,Obtainable through special events,Có thể nhận qua sự kiện đặc biệt,특별 운영 이벤트를 통해 획득 가능,Obtido através de eventos especiais,สามารถรับได้จากกิจกรรมพิเศษ,{drawcard=zi_effect_loop;gain=zi_effect_loop}
30431,基因多面体,基因多面體,Zygarde Cube,Khối Đa Diện Gen,유전자 다면체,Zygarde Cube,ทรงหลายหน้ายีนส์,config/item/xddj/icon_rhdmq.png,5,<>,TRUE,,199,80,5,7,68,<3;6;9;12;15;18;21;24;27;30;40;50;60;70;80>,<2153>,<1;13;7;9;8;10>,<1;1;1;1;0.9;1.1>,0.5,5,5,141,<0;1;2;3;4;5;6;7;8;9;10;11;12;13;14;15>,142,<0;1;2;3;4;5;6;7;8;9;10;11;12;13;14;15>,10,520,28131,,,,可通过特殊运营活动获得,可透過特殊營運活動獲得,Obtainable through special events,Có thể nhận qua sự kiện đặc biệt,특별 운영 이벤트를 통해 획득 가능,Obtido através de eventos especiais,สามารถรับได้จากกิจกรรมพิเศษ,{drawcard=zi_effect_loop;gain=zi_effect_loop}
30432,鬼手拳套,鬼手拳套,Ghost Hand Gloves,Găng Tay Ma Quái,귀신의 손 건틀릿,Ghost Hand Gloves,ถุงมือภูตผี,config/item/xddj/icon_mxd.png,5,<>,TRUE,,199,80,5,7,69,<3;6;9;12;15;18;21;24;27;30;40;50;60;70;80>,<2153>,<1;13;7;9;8;10>,<1;1;1;1;1;1>,0.5,5,5,143,<0;1;2;3;4;5;6;7;8;9;10;11;12;13;14;15>,144,<0;1;2;3;4;5;6;7;8;9;10;11;12;13;14;15>,10,520,28132,,,,可通过特殊运营活动获得,可透過特殊營運活動獲得,Obtainable through special events,Có thể nhận qua sự kiện đặc biệt,특별 운영 이벤트를 통해 획득 가능,Obtido através de eventos especiais,สามารถรับได้จากกิจกรรมพิเศษ,{drawcard=zi_effect_loop;gain=zi_effect_loop}
30433,咸鱼龙刺,鹹魚龍刺,Lazy Dragon Thorn,Gai Rồng Cá Mặn,짠물고기 용의 가시,Lazy Dragon Thorn,หนามมังกรปลาเค็ม,config/item/xddj/icon_xylc.png,5,<>,TRUE,,199,80,5,7,70,<3;6;9;12;15;18;21;24;27;30;40;50;60;70;80>,<2153>,<1;13;7;9;8;10>,<1;1;1.2;0.8;1.2;0.8>,0.5,5,5,145,<0;1;2;3;4;5;6;7;8;9;10;11;12;13;14;15>,146,<0;1;2;3;4;5;6;7;8;9;10;11;12;13;14;15>,10,520,28133,,,,可通过特殊运营活动获得,可透過特殊營運活動獲得,Obtainable through special events,Có thể nhận qua sự kiện đặc biệt,특별 운영 이벤트를 통해 획득 가능,Obtido através de eventos especiais,สามารถรับได้จากกิจกรรมพิเศษ,{drawcard=zi_effect_loop;gain=zi_effect_loop}
30434,机巧魄心,機巧魄心,Soul-Heart,Hồn Cơ Xảo,기교의 혼,Soul-Heart,จิตวิญญาณจักรกล,config/item/xddj/icon_mjyn.png,5,<>,TRUE,,199,80,5,7,71,<3;6;9;12;15;18;21;24;27;30;40;50;60;70;80>,<2153>,<1;13;7;9;8;10>,<1;1;1;1;1;1>,0.5,5,5,147,<0;1;2;3;4;5;6;7;8;9;10;11;12;13;14;15>,148,<0;1;2;3;4;5;6;7;8;9;10;11;12;13;14;15>,10,520,28134,,,,可通过特殊运营活动获得,可透過特殊營運活動獲得,Obtainable through special events,Có thể nhận qua sự kiện đặc biệt,특별 운영 이벤트를 통해 획득 가능,Obtido através de eventos especiais,สามารถรับได้จากกิจกรรมพิเศษ,{drawcard=zi_effect_loop;gain=zi_effect_loop}
30435,太阳之笛,太陽之笛,Sun Flute,Sáo Mặt Trời,태양의 피리,Flauta do Sol,ขลุ่ยสุริยัน,config/item/xddj/icon_sejlo.png,5,<>,TRUE,,199,80,5,7,72,<3;6;9;12;15;18;21;24;27;30;40;50;60;70;80>,<2153>,<1;13;7;9;8;10>,<1.1;0.9;1;1;0.9;1.1>,0.5,5,5,149,<0;1;2;3;4;5;6;7;8;9;10;11;12;13;14;15>,150,<0;1;2;3;4;5;6;7;8;9;10;11;12;13;14;15>,10,520,28135,,,,可通过特殊运营活动获得,可透過特殊營運活動獲得,Obtainable through special events,Có thể nhận qua sự kiện đặc biệt,특별 운영 이벤트를 통해 획득 가능,Obtido através de eventos especiais,สามารถรับได้จากกิจกรรมพิเศษ,{drawcard=zi_effect_loop;gain=zi_effect_loop}
30436,蒸汽大炮,蒸汽大砲,Steam Cannon,Pháo Hơi Nước,스팀 캐논,Canhão de Vapor,ปืนใหญ่ไอน้ำ,config/item/xddj/icon_bekne.png,5,<>,TRUE,,199,80,5,7,73,<3;6;9;12;15;18;21;24;27;30;40;50;60;70;80>,<2153>,<1;13;7;9;8;10>,<1;1;1;1;1;1>,0.5,5,5,151,<0;1;2;3;4;5;6;7;8;9;10;11;12;13;14;15>,152,<0;1;2;3;4;5;6;7;8;9;10;11;12;13;14;15>,10,520,28136,,,,可通过特殊运营活动获得,可透過特殊營運活動獲得,Obtainable through special events,Có thể nhận qua sự kiện đặc biệt,특별 운영 이벤트를 통해 획득 가능,Obtido através de eventos especiais,สามารถรับได้จากกิจกรรมพิเศษ,{drawcard=zi_effect_loop;gain=zi_effect_loop}
30437,月亮之笛,月亮之笛,Moon Flute,Sáo Mặt Trăng,달의 피리,Flauta da Lua,ขลุ่ยจันทรา,config/item/xddj/icon_lnyl.png,5,<>,TRUE,,199,80,5,7,74,<3;6;9;12;15;18;21;24;27;30;40;50;60;70;80>,<2153>,<1;13;7;9;8;10>,<1;1;1.2;0.8;1.2;0.8>,0.5,5,5,153,<0;1;2;3;4;5;6;7;8;9;10;11;12;13;14;15>,154,<0;1;2;3;4;5;6;7;8;9;10;11;12;13;14;15>,10,520,28137,,,,可通过特殊运营活动获得,可透過特殊營運活動獲得,Obtainable through special events,Có thể nhận qua sự kiện đặc biệt,특별 운영 이벤트를 통해 획득 가능,Obtido através de eventos especiais,สามารถรับได้จากกิจกรรมพิเศษ,{drawcard=zi_effect_loop;gain=zi_effect_loop}
30438,究极棱镜,究極稜鏡,Ultimate Prism,Lăng Kính Tối Thượng,울트라라이트 프리즘,Ultimate Prism,ปริซึมสุดยอด,config/item/xddj/icon_jjlj.png,5,<>,TRUE,,199,80,5,7,75,<3;6;9;12;15;18;21;24;27;30;40;50;60;70;80>,<2153>,<1;13;7;9;8;10>,<1;0.8;1.1;1;1.1;1>,0.5,5,5,155,<0;1;2;3;4;5;6;7;8;9;10;11;12;13;14;15>,156,<0;1;2;3;4;5;6;7;8;9;10;11;12;13;14;15>,10,520,28138,,,,可通过特殊运营活动获得,可透過特殊營運活動獲得,Obtainable through special events,Có thể nhận qua sự kiện đặc biệt,특별 운영 이벤트를 통해 획득 가능,Obtido através de eventos especiais,สามารถรับได้จากกิจกรรมพิเศษ,{drawcard=zi_effect_loop;gain=zi_effect_loop}
30439,混沌魔方球,混沌魔方球,Chaos Cube Ball,Quả Cầu Ma Thuật Hỗn Độn,혼돈의 마방구,Chaos Cube Ball,ลูกบาศก์มนตราโกลาหล,config/item/xddj/icon_zzmq.png,5,<>,TRUE,,199,80,5,7,76,<3;6;9;12;15;18;21;24;27;30;40;50;60;70;80>,<2153>,<1;13;7;9;8;10>,<1;0.9;1.1;1;1.1;1>,0.5,5,5,157,<0;1;2;3;4;5;6;7;8;9;10;11;12;13;14;15>,158,<0;1;2;3;4;5;6;7;8;9;10;11;12;13;14;15>,10,520,28139,,,,可通过特殊运营活动获得,可透過特殊營運活動獲得,Obtainable through special events,Có thể nhận qua sự kiện đặc biệt,특별 운영 이벤트를 통해 획득 가능,Obtido através de eventos especiais,สามารถรับได้จากกิจกรรมพิเศษ,{drawcard=zi_effect_loop;gain=zi_effect_loop}
30440,岩石巨盾,岩石巨盾,Rocky Shield,Khiên Đá Khổng Lồ,바위 거대 방패,Rocky Shield,โล่หินยักษ์,config/item/xddj/icon_bjls.png,5,<>,TRUE,,199,80,5,7,77,<3;6;9;12;15;18;21;24;27;30;40;50;60;70;80>,<2153>,<1;13;7;9;8;10>,<1.1;0.9;1;1;1;1>,0.5,5,5,159,<0;1;2;3;4;5;6;7;8;9;10;11;12;13;14;15>,160,<0;1;2;3;4;5;6;7;8;9;10;11;12;13;14;15>,10,520,28140,,,,可通过特殊运营活动获得,可透過特殊營運活動獲得,Obtainable through special events,Có thể nhận qua sự kiện đặc biệt,특별 운영 이벤트를 통해 획득 가능,Obtido através de eventos especiais,สามารถรับได้จากกิจกรรมพิเศษ,{drawcard=zi_effect_loop;gain=zi_effect_loop}
30441,基因气团,基因氣團,Gene Cluster,Khối Khí Gen,유전자 기단,Gene Cluster,มวลอากาศยีนส์,config/item/xddj/icon_symh.png,5,<>,TRUE,,199,80,5,7,78,<3;6;9;12;15;18;21;24;27;30;40;50;60;70;80>,<2153>,<1;13;7;9;8;10>,<1;1;1;1.1;1;1.1>,0.5,5,5,161,<0;1;2;3;4;5;6;7;8;9;10;11;12;13;14;15>,162,<0;1;2;3;4;5;6;7;8;9;10;11;12;13;14;15>,10,520,28141,,,,可通过特殊运营活动获得,可透過特殊營運活動獲得,Obtainable through special events,Có thể nhận qua sự kiện đặc biệt,특별 운영 이벤트를 통해 획득 가능,Obtido através de eventos especiais,สามารถรับได้จากกิจกรรมพิเศษ,{drawcard=zi_effect_loop;gain=zi_effect_loop}
30442,荆棘之冠,荊棘之冠,Crown of Thorns,Vương Miện Gai,가시 왕관,Coroa de Espinhos,มงกุฎหนาม,config/item/xddj/icon_sgsnd.png,5,<>,TRUE,,199,80,5,7,79,<3;6;9;12;15;18;21;24;27;30;40;50;60;70;80>,<2153>,<1;13;7;9;8;10>,<1;0.9;1.05;1;1.05;1>,0.5,5,5,163,<0;1;2;3;4;5;6;7;8;9;10;11;12;13;14;15>,164,<0;1;2;3;4;5;6;7;8;9;10;11;12;13;14;15>,10,520,28142,,,,可通过特殊运营活动获得,可透過特殊營運活動獲得,Obtainable through special events,Có thể nhận qua sự kiện đặc biệt,특별 운영 이벤트를 통해 획득 가능,Obtido através de eventos especiais,สามารถรับได้จากกิจกรรมพิเศษ,{drawcard=zi_effect_loop;gain=zi_effect_loop}
30443,百战金盾,百戰金盾,Invincible Golden Shield,Khiên Trăm Trận,백전의 금방패,Invincible Golden Shield,โล่ร้อยศึก,config/item/xddj/icon_zmrt.png,5,<>,TRUE,,199,80,5,7,80,<3;6;9;12;15;18;21;24;27;30;40;50;60;70;80>,<2153>,<1;13;7;9;8;10>,<1;1;1;1;0.9;1.1>,0.5,5,5,165,<0;1;2;3;4;5;6;7;8;9;10;11;12;13;14;15>,166,<0;1;2;3;4;5;6;7;8;9;10;11;12;13;14;15>,10,520,28143,,,,可通过特殊运营活动获得,可透過特殊營運活動獲得,Obtainable through special events,Có thể nhận qua sự kiện đặc biệt,특별 운영 이벤트를 통해 획득 가능,Obtido através de eventos especiais,สามารถรับได้จากกิจกรรมพิเศษ,{drawcard=zi_effect_loop;gain=zi_effect_loop}
30444,猩红棘刃,猩紅棘刃,Scarlet Thorn Blade,Lưỡi Dao Gai Đỏ,진홍의 가시 칼날,Lâmina de Espinho Escarlate,ดาบหนามสีเลือด,config/item/xddj/icon_sgcjalld.png,5,<>,TRUE,,199,80,5,7,81,<3;6;9;12;15;18;21;24;27;30;40;50;60;70;80>,<2153>,<1;13;7;9;8;10>,<1;0.9;1.05;1;1.05;1>,0.5,5,5,167,<0;1;2;3;4;5;6;7;8;9;10;11;12;13;14;15>,168,<0;1;2;3;4;5;6;7;8;9;10;11;12;13;14;15>,10,520,28144,,,,可通过特殊运营活动获得,可透過特殊營運活動獲得,Obtainable through special events,Có thể nhận qua sự kiện đặc biệt,특별 운영 이벤트를 통해 획득 가능,Obtido através de eventos especiais,สามารถรับได้จากกิจกรรมพิเศษ,{drawcard=zi_effect_loop;gain=zi_effect_loop}
30445,三色翎羽剑,三色翎羽劍,Tri-Color Feather Sword,Kiếm Lông Ba Màu,삼색 깃털 검,Espada de Penas Tricolores,ดาบขนนกสามสี,config/item/xddj/icon_sslyj.png,5,<>,TRUE,,199,80,5,7,82,<3;6;9;12;15;18;21;24;27;30;40;50;60;70;80>,<2153>,<1;13;7;9;8;10>,<1;0.9;1.05;1;1.05;1>,0.5,5,5,169,<0;1;2;3;4;5;6;7;8;9;10;11;12;13;14;15>,170,<0;1;2;3;4;5;6;7;8;9;10;11;12;13;14;15>,10,520,28145,,,,可通过特殊运营活动获得,可透過特殊營運活動獲得,Obtainable through special events,Có thể nhận qua sự kiện đặc biệt,특별 운영 이벤트를 통해 획득 가능,Obtido através de eventos especiais,สามารถรับได้จากกิจกรรมพิเศษ,{drawcard=zi_effect_loop;gain=zi_effect_loop}
30446,不挠之剑,不撓之劍,Intrepid Sword,Kiếm Bất Khuất,불굴의 검,Intrepid Sword,ดาบไม่ย่อท้อ,config/item/xddj/icon_cx.png,5,<>,TRUE,,199,80,5,7,83,<3;6;9;12;15;18;21;24;27;30;40;50;60;70;80>,<2153>,<1;13;7;9;8;10>,<1;1;1;1;1;1>,0.5,5,5,171,<0;1;2;3;4;5;6;7;8;9;10;11;12;13;14;15>,172,<0;1;2;3;4;5;6;7;8;9;10;11;12;13;14;15>,10,520,28146,,,,可通过特殊运营活动获得,可透過特殊營運活動獲得,Obtainable through special events,Có thể nhận qua sự kiện đặc biệt,특별 운영 이벤트를 통해 획득 가능,Obtido através de eventos especiais,สามารถรับได้จากกิจกรรมพิเศษ,{drawcard=zi_effect_loop;gain=zi_effect_loop}
30447,时之披风,時之披風,Cape of Time,Áo Choàng Thời Gian,시간의 망토,Capa do Tempo,ผ้าคลุมแห่งกาลเวลา,config/item/xddj/icon_sld.png,5,<>,TRUE,,199,80,5,7,84,<3;6;9;12;15;18;21;24;27;30;40;50;60;70;80>,<2153>,<1;13;7;9;8;10>,<1;1;1;1.1;1;1.1>,0.5,5,5,173,<0;1;2;3;4;5;6;7;8;9;10;11;12;13;14;15>,174,<0;1;2;3;4;5;6;7;8;9;10;11;12;13;14;15>,10,520,28147,,,,可通过特殊运营活动获得,可透過特殊營運活動獲得,Obtainable through special events,Có thể nhận qua sự kiện đặc biệt,특별 운영 이벤트를 통해 획득 가능,Obtido através de eventos especiais,สามารถรับได้จากกิจกรรมพิเศษ,{drawcard=zi_effect_loop;gain=zi_effect_loop}
30448,超重力钢爪,超重力鋼爪,Heavy Gravity Steel Claw,Vuốt Thép Siêu Trọng Lực,초중력 강철 발톱,Heavy Gravity Steel Claw,กรงเล็บเหล็กแรงโน้มถ่วงสูง,config/item/xddj/icon_sgcjjjg.png,5,<>,TRUE,,199,80,5,7,85,<3;6;9;12;15;18;21;24;27;30;40;50;60;70;80>,<2153>,<1;13;7;9;8;10>,<1;1;1;1;0.9;1.1>,0.5,5,5,175,<0;1;2;3;4;5;6;7;8;9;10;11;12;13;14;15>,176,<0;1;2;3;4;5;6;7;8;9;10;11;12;13;14;15>,10,520,28148,,,,可通过特殊运营活动获得,可透過特殊營運活動獲得,Obtainable through special events,Có thể nhận qua sự kiện đặc biệt,특별 운영 이벤트를 통해 획득 가능,Obtido através de eventos especiais,สามารถรับได้จากกิจกรรมพิเศษ,{drawcard=zi_effect_loop;gain=zi_effect_loop}
30449,漆黑缰绳,漆黑韁繩,Black Reins,Dây Cương Hợp Nhất (Đen),검은 고삐,Black Reins,บังเหียนทมิฬ,config/item/xddj/icon_qhjs.png,5,<>,TRUE,,199,80,5,7,86,<3;6;9;12;15;18;21;24;27;30;40;50;60;70;80>,<2153>,<1;13;7;9;8;10>,<1;0.9;1.05;1;1.05;1>,0.5,5,5,177,<0;1;2;3;4;5;6;7;8;9;10;11;12;13;14;15>,178,<0;1;2;3;4;5;6;7;8;9;10;11;12;13;14;15>,10,520,28149,,,,可通过特殊运营活动获得,可透過特殊營運活動獲得,Obtainable through special events,Có thể nhận qua sự kiện đặc biệt,특별 운영 이벤트를 통해 획득 가능,Obtido através de eventos especiais,สามารถรับได้จากกิจกรรมพิเศษ,{drawcard=zi_effect_loop;gain=zi_effect_loop}
30450,暴烈血镰,暴烈血鐮,Fierce Blood Scythe,Liềm Máu Hung Bạo,폭렬의 피의 낫,Fierce Blood Scythe,เคียวโลหิตรุนแรง,config/item/xddj/icon_blxl.png,5,<>,TRUE,,199,80,5,7,87,<3;6;9;12;15;18;21;24;27;30;40;50;60;70;80>,<2153>,<1;13;7;9;8;10>,<1;0.9;1.05;1;1.05;1>,0.5,5,5,179,<0;1;2;3;4;5;6;7;8;9;10;11;12;13;14;15>,180,<0;1;2;3;4;5;6;7;8;9;10;11;12;13;14;15>,10,520,28150,,,,可通过特殊运营活动获得,可透過特殊營運活動獲得,Obtainable through special events,Có thể nhận qua sự kiện đặc biệt,특별 운영 이벤트를 통해 획득 가능,Obtido através de eventos especiais,สามารถรับได้จากกิจกรรมพิเศษ,{drawcard=zi_effect_loop;gain=zi_effect_loop}
30451,波导魂骨,波導魂骨,Surge Spirit Bone,Xương Hồn Aura,파동의 혼골,Surge Spirit Bone,กระดูกวิญญาณคลื่นพลัง,config/item/xddj/icon_bdhg.png,5,<>,TRUE,,199,80,5,7,88,<3;6;9;12;15;18;21;24;27;30;40;50;60;70;80>,<2153>,<1;13;7;9;8;10>,<1;0.9;1.05;1;1.05;1>,0.5,5,5,181,<0;1;2;3;4;5;6;7;8;9;10;11;12;13;14;15>,182,<0;1;2;3;4;5;6;7;8;9;10;11;12;13;14;15>,10,520,28151,,,,可通过特殊运营活动获得,可透過特殊營運活動獲得,Obtainable through special events,Có thể nhận qua sự kiện đặc biệt,특별 운영 이벤트를 통해 획득 가능,Obtido através de eventos especiais,สามารถรับได้จากกิจกรรมพิเศษ,{drawcard=zi_effect_loop;gain=zi_effect_loop}
30452,苍白缰绳,蒼白韁繩,Pale Reins,Dây Cương Hợp Nhất (Trắng),하얀 고삐,Pale Reins,บังเหียนสีขาว,config/item/xddj/icon_cbjs.png,5,<>,TRUE,,199,80,5,7,89,<3;6;9;12;15;18;21;24;27;30;40;50;60;70;80>,<2153>,<1;13;7;9;8;10>,<1;1;1;1;0.9;1.1>,0.5,5,5,183,<0;1;2;3;4;5;6;7;8;9;10;11;12;13;14;15>,184,<0;1;2;3;4;5;6;7;8;9;10;11;12;13;14;15>,10,520,28152,,,,可通过特殊运营活动获得,可透過特殊營運活動獲得,Obtainable through special events,Có thể nhận qua sự kiện đặc biệt,특별 운영 이벤트를 통해 획득 가능,Obtido através de eventos especiais,สามารถรับได้จากกิจกรรมพิเศษ,{drawcard=zi_effect_loop;gain=zi_effect_loop}
30453,炎龙炽链,炎龍熾鏈,Blazing Dragon Chains,Xích Lửa Viêm Long,염룡의 불타는 사슬,Blazing Dragon Chains,โซ่เพลิงมังกรอัคคี,config/item/xddj/icon_ylcl.png,5,<>,TRUE,,199,80,5,7,90,<3;6;9;12;15;18;21;24;27;30;40;50;60;70;80>,<2153>,<1;13;7;9;8;10>,<1;0.9;1.05;1;1.05;1>,0.5,5,5,185,<0;1;2;3;4;5;6;7;8;9;10;11;12;13;14;15>,186,<0;1;2;3;4;5;6;7;8;9;10;11;12;13;14;15>,10,520,28153,,,,可通过特殊运营活动获得,可透過特殊營運活動獲得,Obtainable through special events,Có thể nhận qua sự kiện đặc biệt,특별 운영 이벤트를 통해 획득 가능,Obtido através de eventos especiais,สามารถรับได้จากกิจกรรมพิเศษ,{drawcard=zi_effect_loop;gain=zi_effect_loop}
30454,创世之剑,創世之劍,Sword of Creation,Kiếm Sáng Thế,창세의 검,Espada da Criação,ดาบแห่งการสร้างโลก,config/item/xddj/icon_cszj.png,6,<>,TRUE,,199,80,6,7,91,<3;6;9;12;15;18;21;24;27;30;40;50;60;70;80>,<2153>,<1;13;7;9;8;10>,<1.5;1.5;1.5;1.5;1.5;1.5>,0.5,6,6,187,<0;1;2;3;4;5;6;7;8;9;10;11;12;13;14;15>,188,<0;1;2;3;4;5;6;7;8;9;10;11;12;13;14;15>,10,520,28154,,,,可通过特殊运营活动获得,可透過特殊營運活動獲得,Obtainable through special events,Có thể nhận qua sự kiện đặc biệt,특별 운영 이벤트를 통해 획득 가능,Obtido através de eventos especiais,สามารถรับได้จากกิจกรรมพิเศษ,{drawcard=zi_effect_loop;gain=zi_effect_loop}
30455,神·机巧魄心,神·機巧魄心,Divine Soul-Heart,Linh Hồn Cơ Giới Thần Thánh,신성한 기계 영혼핵,Núcleo da Alma Mecânica Divina,หัวใจวิญญาณจักรกลศักดิ์สิทธิ์,config/item/xddj/icon_mjyn.png,6,<>,TRUE,,199,80,6,7,92,<3;6;9;12;15;18;21;24;27;30;40;50;60;70;80>,<2153>,<1;13;7;9;8;10>,<1;1;1;1;1;1>,0.5,6,6,189,<0;1;2;3;4;5;6;7;8;9;10;11;12;13;14;15>,190,<0;1;2;3;4;5;6;7;8;9;10;11;12;13;14;15>,10,520,28155,,,,可通过特殊运营活动获得,可透過特殊營運活動獲得,Obtainable through special events,Có thể nhận qua sự kiện đặc biệt,특별 운영 이벤트를 통해 획득 가능,Obtido através de eventos especiais,สามารถรับได้จากกิจกรรมพิเศษ,{drawcard=zi_effect_loop;gain=zi_effect_loop}
30456,神·超级领针,神·超級領針,Divine Mega Stickpin,Thần Ghim Cài Mega,신성한 메가브로치,Mega Broche Divino,เข็มกลัดเมก้าศักดิ์สิทธิ์,config/item/xddj/icon_cjlz.png,6,<>,TRUE,,199,80,6,7,93,<3;6;9;12;15;18;21;24;27;30;40;50;60;70;80>,<2153>,<1;13;7;9;8;10>,<1.1;0.9;1;1;1;1>,0.5,6,6,193,<0;1;2;3;4;5;6;7;8;9;10;11;12;13;14;15>,194,<0;1;2;3;4;5;6;7;8;9;10;11;12;13;14;15>,10,520,28156,,,,可通过特殊运营活动获得,可透過特殊營運活動獲得,Obtainable through special events,Có thể nhận qua sự kiện đặc biệt,특별 운영 이벤트를 통해 획득 가능,Obtido através de eventos especiais,สามารถรับได้จากกิจกรรมพิเศษ,{drawcard=zi_effect_loop;gain=zi_effect_loop}
30457,神·神隐王冠,神·神隱王冠,Divine Spirited Away Crown,Thần Vương Miện Vô Hình,신성한 숨겨진 왕관,Coroa Divina da Invisibilidade,มงกุฎล่องหนศักดิ์สิทธิ์,config/item/xddj/icon_smwg.png,6,<>,TRUE,,199,80,6,7,94,<3;6;9;12;15;18;21;24;27;30;40;50;60;70;80>,<2153>,<1;13;7;9;8;10>,<1.1;0.9;1;1;1;1>,0.5,6,6,195,<0;1;2;3;4;5;6;7;8;9;10;11;12;13;14;15>,196,<0;1;2;3;4;5;6;7;8;9;10;11;12;13;14;15>,10,520,28157,,,,可通过特殊运营活动获得,可透過特殊營運活動獲得,Obtainable through special events,Có thể nhận qua sự kiện đặc biệt,특별 운영 이벤트를 통해 획득 가능,Obtido através de eventos especiais,สามารถรับได้จากกิจกรรมพิเศษ,{drawcard=zi_effect_loop;gain=zi_effect_loop}
30458,神·羁绊铃铛,神·羈絆鈴鐺,Divine Bond Bell,Thần Chuông Gắn Kết,신성한 유대의 방울,Sino de Vínculo Divino,กระดิ่งสายใยศักดิ์สิทธิ์,config/item/xddj/icon_kzld.png,6,<>,TRUE,,199,80,6,7,95,<3;6;9;12;15;18;21;24;27;30;40;50;60;70;80>,<2153>,<1;13;7;9;8;10>,<1;1;1;1;1;1>,0.5,6,6,197,<0;1;2;3;4;5;6;7;8;9;10;11;12;13;14;15>,198,<0;1;2;3;4;5;6;7;8;9;10;11;12;13;14;15>,10,520,28158,,,,可通过特殊运营活动获得,可透過特殊營運活動獲得,Obtainable through special events,Có thể nhận qua sự kiện đặc biệt,특별 운영 이벤트를 통해 획득 가능,Obtido através de eventos especiais,สามารถรับได้จากกิจกรรมพิเศษ,{drawcard=zi_effect_loop;gain=zi_effect_loop}
30459,神·基因多面体,神·基因多面體,Divine Zygarde Cube,Thần Khối Đa Diện Gen,신성한 유전자 다면체,Poliedro de DNA Divino,ทรงหลายหน้ายีนส์ศักดิ์สิทธิ์,config/item/xddj/icon_rhdmq.png,6,<>,TRUE,,199,80,6,7,96,<3;6;9;12;15;18;21;24;27;30;40;50;60;70;80>,<2153>,<1;13;7;9;8;10>,<1;1;1;1;0.9;1.1>,0.5,6,6,199,<0;1;2;3;4;5;6;7;8;9;10;11;12;13;14;15>,200,<0;1;2;3;4;5;6;7;8;9;10;11;12;13;14;15>,10,520,28159,,,,可通过特殊运营活动获得,可透過特殊營運活動獲得,Obtainable through special events,Có thể nhận qua sự kiện đặc biệt,특별 운영 이벤트를 통해 획득 가능,Obtido através de eventos especiais,สามารถรับได้จากกิจกรรมพิเศษ,{drawcard=zi_effect_loop;gain=zi_effect_loop}
30460,神·鬼手拳套,神·鬼手拳套,Divine Ghost Hand Gloves,Thần Găng Tay Ma Quái,신성한 귀신의 손 건틀릿,Manopla Fantasma Divina,ถุงมือภูตผีศักดิ์สิทธิ์,config/item/xddj/icon_mxd.png,6,<>,TRUE,,199,80,6,7,97,<3;6;9;12;15;18;21;24;27;30;40;50;60;70;80>,<2153>,<1;13;7;9;8;10>,<1;1;1;1;1;1>,0.5,6,6,201,<0;1;2;3;4;5;6;7;8;9;10;11;12;13;14;15>,202,<0;1;2;3;4;5;6;7;8;9;10;11;12;13;14;15>,10,520,28160,,,,可通过特殊运营活动获得,可透過特殊營運活動獲得,Obtainable through special events,Có thể nhận qua sự kiện đặc biệt,특별 운영 이벤트를 통해 획득 가능,Obtido através de eventos especiais,สามารถรับได้จากกิจกรรมพิเศษ,{drawcard=zi_effect_loop;gain=zi_effect_loop}
30461,神·太阳之笛,神·太陽之笛,Divine Sun Flute,Thần Sáo Mặt Trời,신성한 태양의 피리,Flauta do Sol Divina,ขลุ่ยสุริยันศักดิ์สิทธิ์,config/item/xddj/icon_sejlo.png,6,<>,TRUE,,199,80,6,7,98,<3;6;9;12;15;18;21;24;27;30;40;50;60;70;80>,<2153>,<1;13;7;9;8;10>,<1.1;0.9;1;1;0.9;1.1>,0.5,6,6,203,<0;1;2;3;4;5;6;7;8;9;10;11;12;13;14;15>,204,<0;1;2;3;4;5;6;7;8;9;10;11;12;13;14;15>,10,520,28161,,,,可通过特殊运营活动获得,可透過特殊營運活動獲得,Obtainable through special events,Có thể nhận qua sự kiện đặc biệt,특별 운영 이벤트를 통해 획득 가능,Obtido através de eventos especiais,สามารถรับได้จากกิจกรรมพิเศษ,{drawcard=zi_effect_loop;gain=zi_effect_loop}
30462,神·蒸汽大炮,神·蒸汽大砲,Divine Steam Cannon,Thần Pháo Hơi Nước,신성한 스팀 캐논,Canhão de Vapor Divino,ปืนใหญ่ไอน้ำศักดิ์สิทธิ์,config/item/xddj/icon_bekne.png,6,<>,TRUE,,199,80,6,7,99,<3;6;9;12;15;18;21;24;27;30;40;50;60;70;80>,<2153>,<1;13;7;9;8;10>,<1;1;1;1;1;1>,0.5,6,6,205,<0;1;2;3;4;5;6;7;8;9;10;11;12;13;14;15>,206,<0;1;2;3;4;5;6;7;8;9;10;11;12;13;14;15>,10,520,28162,,,,可通过特殊运营活动获得,可透過特殊營運活動獲得,Obtainable through special events,Có thể nhận qua sự kiện đặc biệt,특별 운영 이벤트를 통해 획득 가능,Obtido através de eventos especiais,สามารถรับได้จากกิจกรรมพิเศษ,{drawcard=zi_effect_loop;gain=zi_effect_loop}
30463,神·月亮之笛,神·月亮之笛,Divine Moon Flute,Thần Sáo Mặt Trăng,신성한 달의 피리,Flauta da Lua Divina,ขลุ่ยจันทราศักดิ์สิทธิ์,config/item/xddj/icon_lnyl.png,6,<>,TRUE,,199,80,6,7,100,<3;6;9;12;15;18;21;24;27;30;40;50;60;70;80>,<2153>,<1;13;7;9;8;10>,<1;1;1.2;0.8;1.2;0.8>,0.5,6,6,207,<0;1;2;3;4;5;6;7;8;9;10;11;12;13;14;15>,208,<0;1;2;3;4;5;6;7;8;9;10;11;12;13;14;15>,10,520,28163,,,,可通过特殊运营活动获得,可透過特殊營運活動獲得,Obtainable through special events,Có thể nhận qua sự kiện đặc biệt,특별 운영 이벤트를 통해 획득 가능,Obtido através de eventos especiais,สามารถรับได้จากกิจกรรมพิเศษ,{drawcard=zi_effect_loop;gain=zi_effect_loop}
30464,神·究极棱镜,神·究極稜鏡,Divine Ultimate Prism,Thần Lăng Kính Tối Thượng,신성한 울트라라이트 프리즘,Prisma Ultraleve Divino,ปริซึมสุดยอดศักดิ์สิทธิ์,config/item/xddj/icon_jjlj.png,6,<>,TRUE,,199,80,6,7,101,<3;6;9;12;15;18;21;24;27;30;40;50;60;70;80>,<2153>,<1;13;7;9;8;10>,<1;0.8;1.1;1;1.1;1>,0.5,6,6,209,<0;1;2;3;4;5;6;7;8;9;10;11;12;13;14;15>,210,<0;1;2;3;4;5;6;7;8;9;10;11;12;13;14;15>,10,520,28164,,,,可通过特殊运营活动获得,可透過特殊營運活動獲得,Obtainable through special events,Có thể nhận qua sự kiện đặc biệt,특별 운영 이벤트를 통해 획득 가능,Obtido através de eventos especiais,สามารถรับได้จากกิจกรรมพิเศษ,{drawcard=zi_effect_loop;gain=zi_effect_loop}
30465,神·混沌魔方球,神·混沌魔方球,Divine Chaos Cube,Thần Quả Cầu Ma Thuật Hỗn Độn,신성한 혼돈의 마방구,Cubo do Caos Divino,ลูกบาศก์มนตราโกลาหลศักดิ์สิทธิ์,config/item/xddj/icon_zzmq.png,6,<>,TRUE,,199,80,6,7,102,<3;6;9;12;15;18;21;24;27;30;40;50;60;70;80>,<2153>,<1;13;7;9;8;10>,<1;0.9;1.1;1;1.1;1>,0.5,6,6,211,<0;1;2;3;4;5;6;7;8;9;10;11;12;13;14;15>,212,<0;1;2;3;4;5;6;7;8;9;10;11;12;13;14;15>,10,520,28165,,,,可通过特殊运营活动获得,可透過特殊營運活動獲得,Obtainable through special events,Có thể nhận qua sự kiện đặc biệt,특별 운영 이벤트를 통해 획득 가능,Obtido através de eventos especiais,สามารถรับได้จากกิจกรรมพิเศษ,{drawcard=zi_effect_loop;gain=zi_effect_loop}
30466,神·岩石巨盾,神·岩石巨盾,Divine Rock Giant Shield,Thần Khiên Đá Khổng Lồ,신성한 바위 거대 방패,Escudo Gigante de Rocha Divino,โล่หินยักษ์ศักดิ์สิทธิ์,config/item/xddj/icon_bjls.png,6,<>,TRUE,,199,80,6,7,103,<3;6;9;12;15;18;21;24;27;30;40;50;60;70;80>,<2153>,<1;13;7;9;8;10>,<1.1;0.9;1;1;1;1>,0.5,6,6,213,<0;1;2;3;4;5;6;7;8;9;10;11;12;13;14;15>,214,<0;1;2;3;4;5;6;7;8;9;10;11;12;13;14;15>,10,520,28166,,,,可通过特殊运营活动获得,可透過特殊營運活動獲得,Obtainable through special events,Có thể nhận qua sự kiện đặc biệt,특별 운영 이벤트를 통해 획득 가능,Obtido através de eventos especiais,สามารถรับได้จากกิจกรรมพิเศษ,{drawcard=zi_effect_loop;gain=zi_effect_loop}
30467,神·基因气团,神·基因氣團,Divine DNA Airmass,Thần Khối Khí Gen,신성한 유전자 기단,Massa de Ar de DNA Divina,มวลอากาศยีนส์ศักดิ์สิทธิ์,config/item/xddj/icon_symh.png,6,<>,TRUE,,199,80,6,7,104,<3;6;9;12;15;18;21;24;27;30;40;50;60;70;80>,<2153>,<1;13;7;9;8;10>,<1;1;1;1.1;1;1.1>,0.5,6,6,215,<0;1;2;3;4;5;6;7;8;9;10;11;12;13;14;15>,216,<0;1;2;3;4;5;6;7;8;9;10;11;12;13;14;15>,10,520,28167,,,,可通过特殊运营活动获得,可透過特殊營運活動獲得,Obtainable through special events,Có thể nhận qua sự kiện đặc biệt,특별 운영 이벤트를 통해 획득 가능,Obtido através de eventos especiais,สามารถรับได้จากกิจกรรมพิเศษ,{drawcard=zi_effect_loop;gain=zi_effect_loop}
30468,神·荆棘之冠,神·荊棘之冠,Divine Thorned Crown,Thần Vương Miện Gai,신성한 가시 왕관,Coroa de Espinhos Divina,มงกุฎหนามศักดิ์สิทธิ์,config/item/xddj/icon_sgsnd.png,6,<>,TRUE,,199,80,6,7,105,<3;6;9;12;15;18;21;24;27;30;40;50;60;70;80>,<2153>,<1;13;7;9;8;10>,<1;0.9;1.05;1;1.05;1>,0.5,6,6,217,<0;1;2;3;4;5;6;7;8;9;10;11;12;13;14;15>,218,<0;1;2;3;4;5;6;7;8;9;10;11;12;13;14;15>,10,520,28168,,,,可通过特殊运营活动获得,可透過特殊營運活動獲得,Obtainable through special events,Có thể nhận qua sự kiện đặc biệt,특별 운영 이벤트를 통해 획득 가능,Obtido através de eventos especiais,สามารถรับได้จากกิจกรรมพิเศษ,{drawcard=zi_effect_loop;gain=zi_effect_loop}
30469,神·百战金盾,神·百戰金盾,Divine Aegis of a Hundred Battles,Thần Khiên Trăm Trận,신성한 백전의 금방패,Égide Divina das Cem Batalhas,โล่ร้อยศึกศักดิ์สิทธิ์,config/item/xddj/icon_zmrt.png,6,<>,TRUE,,199,80,6,7,106,<3;6;9;12;15;18;21;24;27;30;40;50;60;70;80>,<2153>,<1;13;7;9;8;10>,<1;1;1;1;0.9;1.1>,0.5,6,6,219,<0;1;2;3;4;5;6;7;8;9;10;11;12;13;14;15>,220,<0;1;2;3;4;5;6;7;8;9;10;11;12;13;14;15>,10,520,28169,,,,可通过特殊运营活动获得,可透過特殊營運活動獲得,Obtainable through special events,Có thể nhận qua sự kiện đặc biệt,특별 운영 이벤트를 통해 획득 가능,Obtido através de eventos especiais,สามารถรับได้จากกิจกรรมพิเศษ,{drawcard=zi_effect_loop;gain=zi_effect_loop}
30470,神·猩红棘刃,神·猩紅棘刃,Divine Scarlet Thorn Blade,Thần Lưỡi Dao Gai Đỏ,신성한 진홍의 가시 칼날,Lâmina de Espinho Escarlate Divina,ดาบหนามสีเลือดศักดิ์สิทธิ์,config/item/xddj/icon_sgcjalld.png,6,<>,TRUE,,199,80,6,7,107,<3;6;9;12;15;18;21;24;27;30;40;50;60;70;80>,<2153>,<1;13;7;9;8;10>,<1;0.9;1.05;1;1.05;1>,0.5,6,6,221,<0;1;2;3;4;5;6;7;8;9;10;11;12;13;14;15>,222,<0;1;2;3;4;5;6;7;8;9;10;11;12;13;14;15>,10,520,28170,,,,可通过特殊运营活动获得,可透過特殊營運活動獲得,Obtainable through special events,Có thể nhận qua sự kiện đặc biệt,특별 운영 이벤트를 통해 획득 가능,Obtido através de eventos especiais,สามารถรับได้จากกิจกรรมพิเศษ,{drawcard=zi_effect_loop;gain=zi_effect_loop}
30471,神·三色翎羽剑,神·三色翎羽劍,Divine Tri-Color Feather Sword,Thần Kiếm Lông Ba Màu,신성한 삼색 깃털 검,Espada de Penas Tricolores Divina,ดาบขนนกสามสีศักดิ์สิทธิ์,config/item/xddj/icon_sslyj.png,6,<>,TRUE,,199,80,6,7,108,<3;6;9;12;15;18;21;24;27;30;40;50;60;70;80>,<2153>,<1;13;7;9;8;10>,<1;0.9;1.05;1;1.05;1>,0.5,6,6,223,<0;1;2;3;4;5;6;7;8;9;10;11;12;13;14;15>,224,<0;1;2;3;4;5;6;7;8;9;10;11;12;13;14;15>,10,520,28171,,,,可通过特殊运营活动获得,可透過特殊營運活動獲得,Obtainable through special events,Có thể nhận qua sự kiện đặc biệt,특별 운영 이벤트를 통해 획득 가능,Obtido através de eventos especiais,สามารถรับได้จากกิจกรรมพิเศษ,{drawcard=zi_effect_loop;gain=zi_effect_loop}
30472,神·不挠之剑,神·不撓之劍,Divine Dauntless Sword,Thần Kiếm Bất Khuất,신성한 불굴의 검,Espada Intrépida Divina,ดาบไม่ย่อท้อศักดิ์สิทธิ์,config/item/xddj/icon_cx.png,6,<>,TRUE,,199,80,6,7,109,<3;6;9;12;15;18;21;24;27;30;40;50;60;70;80>,<2153>,<1;13;7;9;8;10>,<1;1;1;1;1;1>,0.5,6,6,225,<0;1;2;3;4;5;6;7;8;9;10;11;12;13;14;15>,226,<0;1;2;3;4;5;6;7;8;9;10;11;12;13;14;15>,10,520,28172,,,,可通过特殊运营活动获得,可透過特殊營運活動獲得,Obtainable through special events,Có thể nhận qua sự kiện đặc biệt,특별 운영 이벤트를 통해 획득 가능,Obtido através de eventos especiais,สามารถรับได้จากกิจกรรมพิเศษ,{drawcard=zi_effect_loop;gain=zi_effect_loop}
30473,神·时之披风,神·時之披風,Divine Cape of Time,Thần Áo Choàng Thời Gian,신성한 시간의 망토,Capa do Tempo Divina,ผ้าคลุมแห่งกาลเวลาศักดิ์สิทธิ์,config/item/xddj/icon_sld.png,6,<>,TRUE,,199,80,6,7,110,<3;6;9;12;15;18;21;24;27;30;40;50;60;70;80>,<2153>,<1;13;7;9;8;10>,<1;1;1;1.1;1;1.1>,0.5,6,6,227,<0;1;2;3;4;5;6;7;8;9;10;11;12;13;14;15>,228,<0;1;2;3;4;5;6;7;8;9;10;11;12;13;14;15>,10,520,28173,,,,可通过特殊运营活动获得,可透過特殊營運活動獲得,Obtainable through special events,Có thể nhận qua sự kiện đặc biệt,특별 운영 이벤트를 통해 획득 가능,Obtido através de eventos especiais,สามารถรับได้จากกิจกรรมพิเศษ,{drawcard=zi_effect_loop;gain=zi_effect_loop}
30474,神·超重力钢爪,神·超重力鋼爪,Divine Super-Gravity Steel Claw,Thần Vuốt Thép Siêu Trọng Lực,신성한 초중력 강철 발톱,Garra de Aço Supergravitacional Divina,กรงเล็บเหล็กแรงโน้มถ่วงสูงศักดิ์สิทธิ์,config/item/xddj/icon_sgcjjjg.png,6,<>,TRUE,,199,80,6,7,111,<3;6;9;12;15;18;21;24;27;30;40;50;60;70;80>,<2153>,<1;13;7;9;8;10>,<1;1;1;1;0.9;1.1>,0.5,6,6,229,<0;1;2;3;4;5;6;7;8;9;10;11;12;13;14;15>,230,<0;1;2;3;4;5;6;7;8;9;10;11;12;13;14;15>,10,520,28174,,,,可通过特殊运营活动获得,可透過特殊營運活動獲得,Obtainable through special events,Có thể nhận qua sự kiện đặc biệt,특별 운영 이벤트를 통해 획득 가능,Obtido através de eventos especiais,สามารถรับได้จากกิจกรรมพิเศษ,{drawcard=zi_effect_loop;gain=zi_effect_loop}
30475,神·漆黑缰绳,神·漆黑韁繩,Divine Reins of Unity (Black),Thần Dây Cương Hợp Nhất (Đen),신성한 검은 고삐,Rédeas da Unidade Divinas (Pretas),บังเหียนทมิฬศักดิ์สิทธิ์,config/item/xddj/icon_qhjs.png,6,<>,TRUE,,199,80,6,7,112,<3;6;9;12;15;18;21;24;27;30;40;50;60;70;80>,<2153>,<1;13;7;9;8;10>,<1;0.9;1.05;1;1.05;1>,0.5,6,6,231,<0;1;2;3;4;5;6;7;8;9;10;11;12;13;14;15>,232,<0;1;2;3;4;5;6;7;8;9;10;11;12;13;14;15>,10,520,28175,,,,可通过特殊运营活动获得,可透過特殊營運活動獲得,Obtainable through special events,Có thể nhận qua sự kiện đặc biệt,특별 운영 이벤트를 통해 획득 가능,Obtido através de eventos especiais,สามารถรับได้จากกิจกรรมพิเศษ,{drawcard=zi_effect_loop;gain=zi_effect_loop}
30476,神·暴烈血镰,神·暴烈血鐮,Divine Violent Blood Scythe,Thần Liềm Máu Hung Bạo,신성한 폭렬의 피의 낫,Foice de Sangue Violenta Divina,เคียวโลหิตรุนแรงศักดิ์สิทธิ์,config/item/xddj/icon_blxl.png,6,<>,TRUE,,199,80,6,7,113,<3;6;9;12;15;18;21;24;27;30;40;50;60;70;80>,<2153>,<1;13;7;9;8;10>,<1;0.9;1.05;1;1.05;1>,0.5,6,6,233,<0;1;2;3;4;5;6;7;8;9;10;11;12;13;14;15>,234,<0;1;2;3;4;5;6;7;8;9;10;11;12;13;14;15>,10,520,28176,,,,可通过特殊运营活动获得,可透過特殊營運活動獲得,Obtainable through special events,Có thể nhận qua sự kiện đặc biệt,특별 운영 이벤트를 통해 획득 가능,Obtido através de eventos especiais,สามารถรับได้จากกิจกรรมพิเศษ,{drawcard=zi_effect_loop;gain=zi_effect_loop}
30477,神·波导魂骨,神·波導魂骨,Divine Aura Soul Bone,Thần Xương Hồn Aura,신성한 파동의 혼골,Osso da Alma da Aura Divino,กระดูกวิญญาณคลื่นพลังศักดิ์สิทธิ์,config/item/xddj/icon_bdhg.png,6,<>,TRUE,,199,80,6,7,114,<3;6;9;12;15;18;21;24;27;30;40;50;60;70;80>,<2153>,<1;13;7;9;8;10>,<1;0.9;1.05;1;1.05;1>,0.5,6,6,235,<0;1;2;3;4;5;6;7;8;9;10;11;12;13;14;15>,236,<0;1;2;3;4;5;6;7;8;9;10;11;12;13;14;15>,10,520,28177,,,,可通过特殊运营活动获得,可透過特殊營運活動獲得,Obtainable through special events,Có thể nhận qua sự kiện đặc biệt,특별 운영 이벤트를 통해 획득 가능,Obtido através de eventos especiais,สามารถรับได้จากกิจกรรมพิเศษ,{drawcard=zi_effect_loop;gain=zi_effect_loop}
30478,神·苍白缰绳,神·蒼白韁繩,Divine Reins of Unity (White),Thần Dây Cương Hợp Nhất (Trắng),신성한 하얀 고삐,Rédeas da Unidade Divinas (Brancas),บังเหียนสีขาวศักดิ์สิทธิ์,config/item/xddj/icon_cbjs.png,6,<>,TRUE,,199,80,6,7,115,<3;6;9;12;15;18;21;24;27;30;40;50;60;70;80>,<2153>,<1;13;7;9;8;10>,<1;1;1;1;0.9;1.1>,0.5,6,6,237,<0;1;2;3;4;5;6;7;8;9;10;11;12;13;14;15>,238,<0;1;2;3;4;5;6;7;8;9;10;11;12;13;14;15>,10,520,28178,,,,可通过特殊运营活动获得,可透過特殊營運活動獲得,Obtainable through special events,Có thể nhận qua sự kiện đặc biệt,특별 운영 이벤트를 통해 획득 가능,Obtido através de eventos especiais,สามารถรับได้จากกิจกรรมพิเศษ,{drawcard=zi_effect_loop;gain=zi_effect_loop}
30479,神·炎龙炽链,神·炎龍熾鏈,Divine Flame Dragon's Blazing Chain,Thần Xích Lửa Viêm Long,신성한 염룡의 불타는 사슬,Corrente Ardente do Dragão de Fogo Divina,โซ่เพลิงมังกรอัคคีศักดิ์สิทธิ์,config/item/xddj/icon_ylcl.png,6,<>,TRUE,,199,80,6,7,116,<3;6;9;12;15;18;21;24;27;30;40;50;60;70;80>,<2153>,<1;13;7;9;8;10>,<1;0.9;1.05;1;1.05;1>,0.5,6,6,239,<0;1;2;3;4;5;6;7;8;9;10;11;12;13;14;15>,240,<0;1;2;3;4;5;6;7;8;9;10;11;12;13;14;15>,10,520,28179,,,,可通过特殊运营活动获得,可透過特殊營運活動獲得,Obtainable through special events,Có thể nhận qua sự kiện đặc biệt,특별 운영 이벤트를 통해 획득 가능,Obtido através de eventos especiais,สามารถรับได้จากกิจกรรมพิเศษ,{drawcard=zi_effect_loop;gain=zi_effect_loop}
30480,魔·创世之剑,魔·創世之劍,Demonic Sword of Creation,Ma Kiếm Sáng Thế,마의 창세의 검,Espada Demoníaca da Criação,ดาบสร้างโลกปีศาจ,config/item/xddj/icon_mcszj.png,6,<>,TRUE,,199,80,6,7,117,<3;6;9;12;15;18;21;24;27;30;40;50;60;70;80>,<2153>,<1;13;7;9;8;10>,<2;2;2;2;2;2>,0.5,6,6,191,<0;1;2;3;4;5;6;7;8;9;10;11;12;13;14;15>,192,<0;1;2;3;4;5;6;7;8;9;10;11;12;13;14;15>,10,520,28180,,,,可通过特殊运营活动获得,可透過特殊營運活動獲得,Obtainable through special events,Có thể nhận qua sự kiện đặc biệt,특별 운영 이벤트를 통해 획득 가능,Obtido através de eventos especiais,สามารถรับได้จากกิจกรรมพิเศษ,{drawcard=zi_effect_loop;gain=zi_effect_loop}
30481,神·焰白涡轮,神·焰白渦輪,Divine Fusion Flare Turbine,Thần Tuabin Lửa Trắng,신성한 화염백색 터빈,Turbina de Fusão de Chama Divina,กังหันหลอมรวมเพลิงศักดิ์สิทธิ์,config/item/xddj/icon_ybwl.png,6,<>,TRUE,,199,80,6,7,118,<3;6;9;12;15;18;21;24;27;30;40;50;60;70;80>,<2153>,<1;13;7;9;8;10>,<1;1;1;1.1;1;1.1>,0.5,6,6,241,<0;1;2;3;4;5;6;7;8;9;10;11;12;13;14;15>,242,<0;1;2;3;4;5;6;7;8;9;10;11;12;13;14;15>,10,520,28181,,,,可通过特殊运营活动获得,可透過特殊營運活動獲得,Obtainable through special events,Có thể nhận qua sự kiện đặc biệt,특별 운영 이벤트를 통해 획득 가능,Obtido através de eventos especiais,สามารถรับได้จากกิจกรรมพิเศษ,{drawcard=zi_effect_loop;gain=zi_effect_loop}
30482,神·冰霜旋刃,神·冰霜旋刃,Divine Glaciate Blade,Thần Lưỡi Dao Băng Giá,신성한 빙상 칼날,Lâmina Glacial Divina,ดาบน้ำแข็งศักดิ์สิทธิ์,config/item/xddj/icon_bsxr.png,6,<>,TRUE,,199,80,6,7,119,<3;6;9;12;15;18;21;24;27;30;40;50;60;70;80>,<2153>,<1;13;7;9;8;10>,<1;0.9;1.05;1;1.05;1>,0.5,6,6,243,<0;1;2;3;4;5;6;7;8;9;10;11;12;13;14;15>,244,<0;1;2;3;4;5;6;7;8;9;10;11;12;13;14;15>,10,520,28182,,,,可通过特殊运营活动获得,可透過特殊營運活動獲得,Obtainable through special events,Có thể nhận qua sự kiện đặc biệt,특별 운영 이벤트를 통해 획득 가능,Obtido através de eventos especiais,สามารถรับได้จากกิจกรรมพิเศษ,{drawcard=zi_effect_loop;gain=zi_effect_loop}
30483,神·无极碎星,神·無極碎星,Divine Eternabeam,Thần Vô Cực Phá Sao,신성한 무극의 별 파괴,Raio Eterno Divino,ลำแสงนิรันดร์ศักดิ์สิทธิ์,config/item/xddj/icon_wjsx.png,6,<>,TRUE,,199,80,6,7,120,<3;6;9;12;15;18;21;24;27;30;40;50;60;70;80>,<2153>,<1;13;7;9;8;10>,<1;1;1.2;0.8;1.2;0.8>,0.5,6,6,245,<0;1;2;3;4;5;6;7;8;9;10;11;12;13;14;15>,246,<0;1;2;3;4;5;6;7;8;9;10;11;12;13;14;15>,10,520,28183,,,,可通过特殊运营活动获得,可透過特殊營運活動獲得,Obtainable through special events,Có thể nhận qua sự kiện đặc biệt,특별 운영 이벤트를 통해 획득 가능,Obtido através de eventos especiais,สามารถรับได้จากกิจกรรมพิเศษ,{drawcard=zi_effect_loop;gain=zi_effect_loop}
30484,神·星芒尾棘,神·星芒尾棘,Divine Starfall Tail-Spike,Thần Gai Đuôi Sao Băng,신성한 별빛 꼬리 가시,Espinho da Cauda da Chuva de Estrelas Divino,หนามหางดาวตกศักดิ์สิทธิ์,config/item/xddj/icon_xmwj.png,6,<>,TRUE,,199,80,6,7,121,<3;6;9;12;15;18;21;24;27;30;40;50;60;70;80>,<2153>,<1;13;7;9;8;10>,<1;0.9;1.05;1;1.05;1>,0.5,6,6,247,<0;1;2;3;4;5;6;7;8;9;10;11;12;13;14;15>,248,<0;1;2;3;4;5;6;7;8;9;10;11;12;13;14;15>,10,520,28184,,,,可通过特殊运营活动获得,可透過特殊營運活動獲得,Obtainable through special events,Có thể nhận qua sự kiện đặc biệt,특별 운영 이벤트를 통해 획득 가능,Obtido através de eventos especiais,สามารถรับได้จากกิจกรรมพิเศษ,{drawcard=zi_effect_loop;gain=zi_effect_loop}
30485,神·幽冥毒蕊,神·幽冥毒蕊,Divine Nether-Poison Stamen,Thần Nhụy Độc Âm U,신성한 유명의 독 수술,Estame de Veneno do Submundo Divino,เกสรพิษยมโลกศักดิ์สิทธิ์,config/item/xddj/icon_ymdr.png,6,<>,TRUE,,199,80,6,7,122,<3;6;9;12;15;18;21;24;27;30;40;50;60;70;80>,<2153>,<1;13;7;9;8;10>,<1.2;1.1;0.8;1;0.8;1>,0.5,6,6,249,<0;1;2;3;4;5;6;7;8;9;10;11;12;13;14;15>,250,<0;1;2;3;4;5;6;7;8;9;10;11;12;13;14;15>,10,520,28185,,,,可通过特殊运营活动获得,可透過特殊營運活動獲得,Obtainable through special events,Có thể nhận qua sự kiện đặc biệt,특별 운영 이벤트를 통해 획득 가능,Obtido através de eventos especiais,สามารถรับได้จากกิจกรรมพิเศษ,{drawcard=zi_effect_loop;gain=zi_effect_loop}
30486,神·强子引擎,神·強子引擎,Divine Hadron Engine,Thần Động Cơ Hadron,신성한 강입자 엔진,Motor Hadrônico Divino,เครื่องยนต์แฮดรอนศักดิ์สิทธิ์,config/item/xddj/icon_qzyq.png,6,<>,TRUE,,199,80,6,7,123,<3;6;9;12;15;18;21;24;27;30;40;50;60;70;80>,<2153>,<1;13;7;9;8;10>,<1;1;1;1;1.2;1>,0.5,6,6,251,<0;1;2;3;4;5;6;7;8;9;10;11;12;13;14;15>,252,<0;1;2;3;4;5;6;7;8;9;10;11;12;13;14;15>,10,520,28186,,,,可通过特殊运营活动获得,可透過特殊營運活動獲得,Obtainable through special events,Có thể nhận qua sự kiện đặc biệt,특별 운영 이벤트를 통해 획득 가능,Obtido através de eventos especiais,สามารถรับได้จากกิจกรรมพิเศษ,{drawcard=zi_effect_loop;gain=zi_effect_loop}
30487,神·暗黑涡轮,神·暗黑渦輪,Divine Dark Turbine,Thần Tuabin Bóng Tối,신성한 암흑 터빈,Turbina Negra Divina,กังหันมืดศักดิ์สิทธิ์,config/item/xddj/icon_ahwl.png,6,<>,TRUE,,199,80,6,7,124,<3;6;9;12;15;18;21;24;27;30;40;50;60;70;80>,<2153>,<1;13;7;9;8;10>,<1;0.9;1.05;1;1.05;1>,0.5,6,6,253,<0;1;2;3;4;5;6;7;8;9;10;11;12;13;14;15>,254,<0;1;2;3;4;5;6;7;8;9;10;11;12;13;14;15>,10,520,28187,,,,可通过特殊运营活动获得,可透過特殊營運活動獲得,Obtainable through special events,Có thể nhận qua sự kiện đặc biệt,특별 운영 이벤트를 통해 획득 가능,Obtido através de eventos especiais,สามารถรับได้จากกิจกรรมพิเศษ,{drawcard=zi_effect_loop;gain=zi_effect_loop}
30488,神·精灵宝石,神·精靈寶石,Divine Fairy Gem,Thần Ngọc Tiên,신성한 정령 보석,Gema de Fada Divina,อัญมณีแฟรี่ศักดิ์สิทธิ์,config/item/xddj/icon_jlbs.png,6,<>,TRUE,,199,80,6,7,126,<3;6;9;12;15;18;21;24;27;30;40;50;60;70;80>,<2153>,<1;13;7;9;8;10>,<1;0.8;1;1.1;1;1.1>,0.5,6,6,257,<0;1;2;3;4;5;6;7;8;9;10;11;12;13;14;15>,258,<0;1;2;3;4;5;6;7;8;9;10;11;12;13;14;15>,10,520,28189,,,,可通过特殊运营活动获得,可透過特殊營運活動獲得,Obtainable through special events,Có thể nhận qua sự kiện đặc biệt,특별 운영 이벤트를 통해 획득 가능,Obtido através de eventos especiais,สามารถรับได้จากกิจกรรมพิเศษ,{drawcard=zi_effect_loop;gain=zi_effect_loop}
30489,神·断崖之剑,神·斷崖之劍,Divine Precipice Blades,Thần Lưỡi Kiếm Vách Đá,신성한 단애의 검,Lâminas do Precipício Divinas,ดาบผาชันศักดิ์สิทธิ์,config/item/xddj/icon_dyzj.png,6,<>,TRUE,,199,80,6,7,127,<3;6;9;12;15;18;21;24;27;30;40;50;60;70;80>,<2153>,<1;13;7;9;8;10>,<1.2;0.8;0.8;1.2;0.8;1.2>,0.5,6,6,259,<0;1;2;3;4;5;6;7;8;9;10;11;12;13;14;15>,260,<0;1;2;3;4;5;6;7;8;9;10;11;12;13;14;15>,10,520,28190,,,,可通过特殊运营活动获得,可透過特殊營運活動獲得,Obtainable through special events,Có thể nhận qua sự kiện đặc biệt,특별 운영 이벤트를 통해 획득 가능,Obtido através de eventos especiais,สามารถรับได้จากกิจกรรมพิเศษ,{drawcard=zi_effect_loop;gain=zi_effect_loop}
30490,神·海洋之心,神·海洋之心,Divine Heart of the Sea,Thần Trái Tim Đại Dương,신성한 바다의 심장,Coração do Mar Divino,หัวใจแห่งมหาสมุทรศักดิ์สิทธิ์,config/item/xddj/icon_hyzx.png,6,<>,TRUE,,199,80,6,7,128,<3;6;9;12;15;18;21;24;27;30;40;50;60;70;80>,<2153>,<1;13;7;9;8;10>,<1.5;0.5;1.2;0.8;1.2;0.8>,0.5,6,6,261,<0;1;2;3;4;5;6;7;8;9;10;11;12;13;14;15>,262,<0;1;2;3;4;5;6;7;8;9;10;11;12;13;14;15>,10,520,28191,,,,可通过特殊运营活动获得,可透過特殊營運活動獲得,Obtainable through special events,Có thể nhận qua sự kiện đặc biệt,특별 운영 이벤트를 통해 획득 가능,Obtido através de eventos especiais,สามารถรับได้จากกิจกรรมพิเศษ,{drawcard=zi_effect_loop;gain=zi_effect_loop}
30491,神·裂空宝珠,神·裂空寶珠,Divine Sky-High Orb,Thần Ngọc Báu Bầu Trời,신성한 하늘의 보주,Orbe do Céu Divino,ลูกแก้วเวหาศักดิ์สิทธิ์,config/item/xddj/icon_lkbz.png,6,<>,TRUE,,199,80,6,7,129,<3;6;9;12;15;18;21;24;27;30;40;50;60;70;80>,<2153>,<1;13;7;9;8;10>,<0.8;1.2;1.3;0.7;1.3;0.7>,0.5,6,6,263,<0;1;2;3;4;5;6;7;8;9;10;11;12;13;14;15>,264,<0;1;2;3;4;5;6;7;8;9;10;11;12;13;14;15>,10,520,28192,,,,可通过特殊运营活动获得,可透過特殊營運活動獲得,Obtainable through special events,Có thể nhận qua sự kiện đặc biệt,특별 운영 이벤트를 통해 획득 가능,Obtido através de eventos especiais,สามารถรับได้จากกิจกรรมพิเศษ,{drawcard=zi_effect_loop;gain=zi_effect_loop}
30492,神·精神结晶,神·精神結晶,Divine Psycho Crystal,Thần Tinh Thể Tâm Linh,신성한 정신의 결정,Cristal Psíquico Divino,ผลึกพลังจิตศักดิ์สิทธิ์,config/item/xddj/icon_jsjj.png,6,<>,TRUE,,199,80,6,7,130,<3;6;9;12;15;18;21;24;27;30;40;50;60;70;80>,<2153>,<1;13;7;9;8;10>,<0.9;1.1;1.2;0.8;1.2;0.8>,0.5,6,6,265,<0;1;2;3;4;5;6;7;8;9;10;11;12;13;14;15>,266,<0;1;2;3;4;5;6;7;8;9;10;11;12;13;14;15>,10,520,28193,,,,可通过特殊运营活动获得,可透過特殊營運活動獲得,Obtainable through special events,Có thể nhận qua sự kiện đặc biệt,특별 운영 이벤트를 통해 획득 가능,Obtido através de eventos especiais,สามารถรับได้จากกิจกรรมพิเศษ,{drawcard=zi_effect_loop;gain=zi_effect_loop}
30493,神·飞水手里剑,神·飛水手裏劍,Divine Water Shuriken,Thần Phi Tiêu Nước,신성한 물수리검,Shuriken de Água Divino,ชูริเคนน้ำศักดิ์สิทธิ์,config/item/xddj/icon_fsslj.png,6,<>,TRUE,,199,80,6,7,131,<3;6;9;12;15;18;21;24;27;30;40;50;60;70;80>,<2153>,<1;13;7;9;8;10>,<0.8;1.2;0.8;1.2;1;1>,0.5,6,6,267,<0;1;2;3;4;5;6;7;8;9;10;11;12;13;14;15>,268,<0;1;2;3;4;5;6;7;8;9;10;11;12;13;14;15>,10,520,28194,,,,可通过特殊运营活动获得,可透過特殊營運活動獲得,Obtainable through special events,Có thể nhận qua sự kiện đặc biệt,특별 운영 이벤트를 통해 획득 가능,Obtido através de eventos especiais,สามารถรับได้จากกิจกรรมพิเศษ,{drawcard=zi_effect_loop;gain=zi_effect_loop}
30494,神·咸鱼龙刺,神·鹹魚龍刺,Divine Salty-Fish Dragon Spike,Thần Gai Rồng Cá Mặn,신성한 짠물고기 용의 가시,Espinho do Dragão Peixe-Salgado Divino,หนามมังกรปลาเค็มศักดิ์สิทธิ์,config/item/xddj/icon_xylc.png,6,<>,TRUE,,199,80,6,7,132,<3;6;9;12;15;18;21;24;27;30;40;50;60;70;80>,<2153>,<1;13;7;9;8;10>,<1;1;1.2;0.8;1.2;0.8>,0.5,6,6,269,<0;1;2;3;4;5;6;7;8;9;10;11;12;13;14;15>,270,<0;1;2;3;4;5;6;7;8;9;10;11;12;13;14;15>,10,520,28195,,,,可通过特殊运营活动获得,可透過特殊營運活動獲得,Obtainable through special events,Có thể nhận qua sự kiện đặc biệt,특별 운영 이벤트를 통해 획득 가능,Obtido através de eventos especiais,สามารถรับได้จากกิจกรรมพิเศษ,{drawcard=zi_effect_loop;gain=zi_effect_loop}
30495,神·七彩神羽,神·七彩神羽,Divine Rainbow Feather,Thần Lông Vũ Bảy Sắc,신성한 일곱 빛깔 깃털,Pena do Arco-Íris Divina,ขนนกเจ็ดสีศักดิ์สิทธิ์,config/item/xddj/icon_qcsy.png,6,<>,TRUE,,199,80,6,7,133,<3;6;9;12;15;18;21;24;27;30;40;50;60;70;80>,<2153>,<1;13;7;9;8;10>,<1.1;0.9;1.2;1;0.8;1>,0.5,6,6,271,<0;1;2;3;4;5;6;7;8;9;10;11;12;13;14;15>,272,<0;1;2;3;4;5;6;7;8;9;10;11;12;13;14;15>,10,520,28196,,,,可通过特殊运营活动获得,可透過特殊營運活動獲得,Obtainable through special events,Có thể nhận qua sự kiện đặc biệt,특별 운영 이벤트를 통해 획득 가능,Obtido através de eventos especiais,สามารถรับได้จากกิจกรรมพิเศษ,{drawcard=zi_effect_loop;gain=zi_effect_loop}
30496,神·葛拉西蒂亚花,神·葛拉西蒂亞花,Divine Gracidea,Thần Hoa Gracidea,신성한 그라시데아꽃,Gracidea Divina,ดอกไม้เกรซิเดียศักดิ์สิทธิ์,config/item/xddj/icon_glxdyh.png,6,<>,TRUE,,199,80,6,7,134,<3;6;9;12;15;18;21;24;27;30;40;50;60;70;80>,<2153>,<1;13;7;9;8;10>,<1.2;1.1;0.8;1;0.8;1>,0.5,6,6,273,<0;1;2;3;4;5;6;7;8;9;10;11;12;13;14;15>,274,<0;1;2;3;4;5;6;7;8;9;10;11;12;13;14;15>,10,520,28197,,,,可通过特殊运营活动获得,可透過特殊營運活動獲得,Obtainable through special events,Có thể nhận qua sự kiện đặc biệt,특별 운영 이벤트를 통해 획득 가능,Obtido através de eventos especiais,สามารถรับได้จากกิจกรรมพิเศษ,{drawcard=zi_effect_loop;gain=zi_effect_loop}
30497,神·冠军奖杯,神·冠軍獎盃,Divine Champion's Trophy,Thần Cúp Vô Địch,신성한 챔피언 트로피,Troféu de Campeão Divino,ถ้วยรางวัลแชมป์เปี้ยนศักดิ์สิทธิ์,config/item/xddj/icon_gjpf.png,6,<>,TRUE,,199,80,6,7,137,<3;6;9;12;15;18;21;24;27;30;40;50;60;70;80>,<2153>,<1;13;7;9;8;10>,<1.1;1;1;1.1;1;1.1>,0.5,6,6,279,<0;1;2;3;4;5;6;7;8;9;10;11;12;13;14;15>,280,<0;1;2;3;4;5;6;7;8;9;10;11;12;13;14;15>,10,520,28200,,,,可通过特殊运营活动获得,可透過特殊營運活動獲得,Obtainable through special events,Có thể nhận qua sự kiện đặc biệt,특별 운영 이벤트를 통해 획득 가능,Obtido através de eventos especiais,สามารถรับได้จากกิจกรรมพิเศษ,{drawcard=zi_effect_loop;gain=zi_effect_loop}
30498,神·大地神石,神·大地神石,Divine Earth Stone,Thần Đá Đất,신성한 대지의 돌,Pedra da Terra Divina,หินแห่งปฐพีศักดิ์สิทธิ์,config/item/xddj/icon_ddss.png,6,<>,TRUE,,199,80,6,7,138,<3;6;9;12;15;18;21;24;27;30;40;50;60;70;80>,<2153>,<1;13;7;9;8;10>,<1;0.9;1;1.2;0.9;1>,0.5,6,6,281,<0;1;2;3;4;5;6;7;8;9;10;11;12;13;14;15>,282,<0;1;2;3;4;5;6;7;8;9;10;11;12;13;14;15>,10,520,28201,,,,可通过特殊运营活动获得,可透過特殊營運活動獲得,Obtainable through special events,Có thể nhận qua sự kiện đặc biệt,특별 운영 이벤트를 통해 획득 가능,Obtido através de eventos especiais,สามารถรับได้จากกิจกรรมพิเศษ,{drawcard=zi_effect_loop;gain=zi_effect_loop}
30499,神·绯红引擎,神·緋紅引擎,Divine Crimson Engine,Thần Động Cơ Đỏ Thẫm,신성한 진홍의 엔진,Motor Carmesim Divino,เครื่องยนต์สีเลือดศักดิ์สิทธิ์,config/item/xddj/icon_fhyq.png,6,<>,TRUE,,199,80,6,7,139,<3;6;9;12;15;18;21;24;27;30;40;50;60;70;80>,<2153>,<1;13;7;9;8;10>,<1;1;1.1;1;1.1;1>,0.5,6,6,283,<0;1;2;3;4;5;6;7;8;9;10;11;12;13;14;15>,284,<0;1;2;3;4;5;6;7;8;9;10;11;12;13;14;15>,10,520,28202,,,,可通过特殊运营活动获得,可透過特殊營運活動獲得,Obtainable through special events,Có thể nhận qua sự kiện đặc biệt,특별 운영 이벤트를 통해 획득 가능,Obtido através de eventos especiais,สามารถรับได้จากกิจกรรมพิเศษ,{drawcard=zi_effect_loop;gain=zi_effect_loop}
30500,神·创世之剑,神·創世之劍,Divine Sword of Creation,Thần Kiếm Sáng Thế,신성한 창세의 검,Espada Divina da Criação,ดาบสร้างโลกศักดิ์สิทธิ์,config/item/xddj/icon_scszj.png,7,<>,TRUE,,199,80,7,7,125,<3;6;9;12;15;18;21;24;27;30;40;50;60;70;80>,<2154>,<1;13;7;9;8;10>,<1.5;1.5;1.5;1.5;1.5;1.5>,0.5,7,7,255,<0;1;2;3;4;5;6;7;8;9;10;11;12;13;14;15>,256,<0;1;2;3;4;5;6;7;8;9;10;11;12;13;14;15>,10,520,28188,,,,可通过特殊运营活动获得,可透過特殊營運活動獲得,Obtainable through special events,Có thể nhận qua sự kiện đặc biệt,특별 운영 이벤트를 통해 획득 가능,Obtido através de eventos especiais,สามารถรับได้จากกิจกรรมพิเศษ,{drawcard=zi_effect_loop;gain=zi_effect_loop}
30501,神·创世之盾,神·創世之盾,Divine Shield of Creation,Thần Khiên Sáng Thế,신성한 창세의 방패,Escudo Divino da Criação,โล่สร้างโลกศักดิ์สิทธิ์,config/item/xddj/icon_scszd.png,7,<>,TRUE,,199,80,7,7,135,<3;6;9;12;15;18;21;24;27;30;40;50;60;70;80>,<2154>,<1;13;7;9;8;10>,<2;1;1;2;1;2>,0.5,7,7,275,<0;1;2;3;4;5;6;7;8;9;10;11;12;13;14;15>,276,<0;1;2;3;4;5;6;7;8;9;10;11;12;13;14;15>,10,520,28198,,,,可通过特殊运营活动获得,可透過特殊營運活動獲得,Obtainable through special events,Có thể nhận qua sự kiện đặc biệt,특별 운영 이벤트를 통해 획득 가능,Obtido através de eventos especiais,สามารถรับได้จากกิจกรรมพิเศษ,{drawcard=zi_effect_loop;gain=zi_effect_loop}
30502,苍炎宝珠,蒼炎寶珠,Azure Flame Orb,Ngọc Lửa Xanh,창염의 구슬,Orbe de Chama Azul,ลูกแก้วเพลิงสีคราม,config/item/xddj/icon_cybz.png,7,<>,TRUE,,199,80,7,7,136,<3;6;9;12;15;18;21;24;27;30;40;50;60;70;80>,<2154>,<1;13;7;9;8;10>,<1;1;2;0.5;0.5;1>,0.5,7,7,277,<0;1;2;3;4;5;6;7;8;9;10;11;12;13;14;15>,278,<0;1;2;3;4;5;6;7;8;9;10;11;12;13;14;15>,10,520,28199,,,,可通过特殊运营活动获得,可透過特殊營運活動獲得,Obtainable through special events,Có thể nhận qua sự kiện đặc biệt,특별 운영 이벤트를 통해 획득 가능,Obtido através de eventos especiais,สามารถรับได้จากกิจกรรมพิเศษ,{drawcard=zi_effect_loop;gain=zi_effect_loop}
30503,神·血翼飞刃,神·血翼飛刃,Divine Blood-Wing Blade,Thần Lưỡi Dao Cánh Máu,신성한 피의 날개 칼날,Lâmina de Asa de Sangue Divina,ดาบปีกโลหิตศักดิ์สิทธิ์,config/item/xddj/icon_xyfr.png,6,<>,TRUE,,199,80,6,7,140,<3;6;9;12;15;18;21;24;27;30;40;50;60;70;80>,<2153>,<1;13;7;9;8;10>,<1;1;1.1;1;1.1;1>,0.5,6,6,285,<0;1;2;3;4;5;6;7;8;9;10;11;12;13;14;15>,286,<0;1;2;3;4;5;6;7;8;9;10;11;12;13;14;15>,10,520,28203,,,,可通过特殊运营活动获得,可透過特殊營運活動獲得,Obtainable through special events,Có thể nhận qua sự kiện đặc biệt,특별 운영 이벤트를 통해 획득 가능,Obtido através de eventos especiais,สามารถรับได้จากกิจกรรมพิเศษ,{drawcard=zi_effect_loop;gain=zi_effect_loop}
30504,融合涡轮,融合渦輪,Fusion Turbine,Tuabin Hợp Nhất,융합 터빈,Turbina de Fusão,กังหันหลอมรวม,config/item/xddj/icon_rhwl.png,7,<>,TRUE,,199,80,7,7,141,<3;6;9;12;15;18;21;24;27;30;40;50;60;70;80>,<2154>,<1;13;7;9;8;10>,<1.2;0.8;1.5;0.5;1.5;0.5>,0.5,7,7,287,<0;1;2;3;4;5;6;7;8;9;10;11;12;13;14;15>,288,<0;1;2;3;4;5;6;7;8;9;10;11;12;13;14;15>,10,520,28204,,,,可通过特殊运营活动获得,可透過特殊營運活動獲得,Obtainable through special events,Có thể nhận qua sự kiện đặc biệt,특별 운영 이벤트를 통해 획득 가능,Obtido através de eventos especiais,สามารถรับได้จากกิจกรรมพิเศษ,{drawcard=zi_effect_loop;gain=zi_effect_loop}
31201,电气球,電氣球,Light Ball,Bóng Điện,전기구슬,Light Ball,ลูกแก้วไฟฟ้า,config/item/xddj/icon_dqq.png,3,<91>,TRUE,,199,80,3,7,43,<3;6;9;12;15;18;21;24;27;30;40;50;60;70;80>,<2151>,<1;13;7;9;8;10>,<1;0.9;1;1;1.1;1>,0.5,3,3,69,<0;1;2;3;4;5;6;7;8;9;10;11;12;13;14;15>,61,<0;1;2;3;4;5;6;7;8;9;10;11;12;13;14;15>,10,150,0,,,,可通过饰品抽卡获得,可透過飾品抽獎獲得,Obtainable through accessory draw,Có thể nhận qua rút phụ kiện,장신구 뽑기를 통해 획득 가능,Obtido através do sorteio de acessórios,สามารถรับได้จากการสุ่มเครื่องประดับ,{drawcard=false;gain=false}
31202,粗骨头,粗骨頭,Thick Club,Xương Dày,굵은뼈,Thick Club,กระดูกหนา,config/item/xddj/icon_cgt.png,3,<451>,TRUE,,199,80,3,7,44,<3;6;9;12;15;18;21;24;27;30;40;50;60;70;80>,<2151>,<1;13;7;9;8;10>,<1;0.9;1.1;1;1;1>,0.5,3,3,70,<0;1;2;3;4;5;6;7;8;9;10;11;12;13;14;15>,63,<0;1;2;3;4;5;6;7;8;9;10;11;12;13;14;15>,10,150,0,,,,可通过饰品抽卡获得,可透過飾品抽獎獲得,Obtainable through accessory draw,Có thể nhận qua rút phụ kiện,장신구 뽑기를 통해 획득 가능,Obtido através do sorteio de acessórios,สามารถรับได้จากการสุ่มเครื่องประดับ,{drawcard=false;gain=false}
31301,七彩羽毛,七彩羽毛,Rainbow Wing,Lông Vũ Bảy Sắc,무지갯빛날개,Rainbow Wing,ขนนกเจ็ดสี,config/item/xddj/icon_hszy.png,4,<>,TRUE,,199,80,4,7,45,<3;6;9;12;15;18;21;24;27;30;40;50;60;70;80>,<2152>,<1;13;7;9;8;10>,<1.1;0.9;1;1;1;1>,0.5,4,4,65,<0;1;2;3;4;5;6;7;8;9;10;11;12;13;14;15>,66,<0;1;2;3;4;5;6;7;8;9;10;11;12;13;14;15>,10,280,0,,,,可通过特殊运营活动获得,可透過特殊營運活動獲得,Obtainable through special events,Có thể nhận qua sự kiện đặc biệt,특별 운영 이벤트를 통해 획득 가능,Obtido através de eventos especiais,สามารถรับได้จากกิจกรรมพิเศษ,{drawcard=zi_effect_loop;gain=zi_effect_loop}
31401,!!!废弃2,!!!廢棄2,!!!Obsolete 2,!!!Loại bỏ 2,!!!폐기 2,!!!Obsoleto 2,!!!เลิกใช้ 2,config/item/icon_gmys.png,5,<>,FALSE,,199,80,5,7,1,<3;6;9;12;15;18;21;24;27;30;40;50;60;70;80>,<>,<1;13;7;9;8;10>,<1;1;1;1;1;1>,0.5,5,5,1,<0;1;2;3;4;5;6;7;8;9;10;11;12;13;14;15>,0,<>,10,520,0,,,,可通过特殊运营活动获得,可透過特殊營運活動獲得,Obtainable through special events,Có thể nhận qua sự kiện đặc biệt,특별 운영 이벤트를 통해 획득 가능,Obtido através de eventos especiais,สามารถรับได้จากกิจกรรมพิเศษ,{drawcard=zi_effect_loop;gain=zi_effect_loop}
31402,焰白涡轮,焰白渦輪,Fusion Flare Turbine,Tuabin Lửa Trắng,화염백색 터빈,Turbina de Fusão de Chama,กังหันหลอมรวมเพลิง,config/item/xddj/icon_ybwl.png,5,<>,TRUE,,199,80,5,7,142,<3;6;9;12;15;18;21;24;27;30;40;50;60;70;80>,<2153>,<1;13;7;9;8;10>,<1;1;1;1.1;1;1.1>,0.5,5,5,289,<0;1;2;3;4;5;6;7;8;9;10;11;12;13;14;15>,290,<0;1;2;3;4;5;6;7;8;9;10;11;12;13;14;15>,10,520,28205,,,,可通过特殊运营活动获得,可透過特殊營運活動獲得,Obtainable through special events,Có thể nhận qua sự kiện đặc biệt,특별 운영 이벤트를 통해 획득 가능,Obtido através de eventos especiais,สามารถรับได้จากกิจกรรมพิเศษ,{drawcard=zi_effect_loop;gain=zi_effect_loop}
31403,冰霜旋刃,冰霜旋刃,Frost Rotary Blade,Lưỡi Dao Băng Giá,빙상 칼날,Frost Rotary Blade,ดาบน้ำแข็ง,config/item/xddj/icon_bsxr.png,5,<>,TRUE,,199,80,5,7,143,<3;6;9;12;15;18;21;24;27;30;40;50;60;70;80>,<2153>,<1;13;7;9;8;10>,<1;0.9;1.05;1;1.05;1>,0.5,5,5,291,<0;1;2;3;4;5;6;7;8;9;10;11;12;13;14;15>,292,<0;1;2;3;4;5;6;7;8;9;10;11;12;13;14;15>,10,520,28206,,,,可通过特殊运营活动获得,可透過特殊營運活動獲得,Obtainable through special events,Có thể nhận qua sự kiện đặc biệt,특별 운영 이벤트를 통해 획득 가능,Obtido através de eventos especiais,สามารถรับได้จากกิจกรรมพิเศษ,{drawcard=zi_effect_loop;gain=zi_effect_loop}
31404,无极碎星,無極碎星,Infinite Star Shatter,Vô Cực Phá Sao,무극의 별 파괴,Infinite Star Shatter,ลำแสงนิรันดร์,config/item/xddj/icon_wjsx.png,5,<>,TRUE,,199,80,5,7,144,<3;6;9;12;15;18;21;24;27;30;40;50;60;70;80>,<2153>,<1;13;7;9;8;10>,<1;1;1.2;0.8;1.2;0.8>,0.5,5,5,293,<0;1;2;3;4;5;6;7;8;9;10;11;12;13;14;15>,294,<0;1;2;3;4;5;6;7;8;9;10;11;12;13;14;15>,10,520,28207,,,,可通过特殊运营活动获得,可透過特殊營運活動獲得,Obtainable through special events,Có thể nhận qua sự kiện đặc biệt,특별 운영 이벤트를 통해 획득 가능,Obtido através de eventos especiais,สามารถรับได้จากกิจกรรมพิเศษ,{drawcard=zi_effect_loop;gain=zi_effect_loop}
31405,星芒尾棘,星芒尾棘,Stellar Thorn Tail,Gai Đuôi Sao Băng,별빛 꼬리 가시,Stellar Thorn Tail,หนามหางดาวตก,config/item/xddj/icon_xmwj.png,5,<>,TRUE,,199,80,5,7,145,<3;6;9;12;15;18;21;24;27;30;40;50;60;70;80>,<2153>,<1;13;7;9;8;10>,<1;0.9;1.05;1;1.05;1>,0.5,5,5,295,<0;1;2;3;4;5;6;7;8;9;10;11;12;13;14;15>,296,<0;1;2;3;4;5;6;7;8;9;10;11;12;13;14;15>,10,520,28208,,,,可通过特殊运营活动获得,可透過特殊營運活動獲得,Obtainable through special events,Có thể nhận qua sự kiện đặc biệt,특별 운영 이벤트를 통해 획득 가능,Obtido através de eventos especiais,สามารถรับได้จากกิจกรรมพิเศษ,{drawcard=zi_effect_loop;gain=zi_effect_loop}
31406,幽冥毒蕊,幽冥毒蕊,Nether-Poison Stamen,Nhụy Độc Âm U,유명의 독 수술,Estame de Veneno do Submundo,เกสรพิษยมโลก,config/item/xddj/icon_ymdr.png,5,<>,TRUE,,199,80,5,7,146,<3;6;9;12;15;18;21;24;27;30;40;50;60;70;80>,<2153>,<1;13;7;9;8;10>,<1.2;1.1;0.8;1;0.8;1>,0.5,5,5,297,<0;1;2;3;4;5;6;7;8;9;10;11;12;13;14;15>,298,<0;1;2;3;4;5;6;7;8;9;10;11;12;13;14;15>,10,520,28209,,,,可通过特殊运营活动获得,可透過特殊營運活動獲得,Obtainable through special events,Có thể nhận qua sự kiện đặc biệt,특별 운영 이벤트를 통해 획득 가능,Obtido através de eventos especiais,สามารถรับได้จากกิจกรรมพิเศษ,{drawcard=zi_effect_loop;gain=zi_effect_loop}
31407,强子引擎,強子引擎,Hadron Engine,Động Cơ Hadron,강입자 엔진,Motor Hadrônico,เครื่องยนต์แฮดรอน,config/item/xddj/icon_qzyq.png,5,<>,TRUE,,199,80,5,7,147,<3;6;9;12;15;18;21;24;27;30;40;50;60;70;80>,<2153>,<1;13;7;9;8;10>,<1;1;1;1;1.2;1>,0.5,5,5,299,<0;1;2;3;4;5;6;7;8;9;10;11;12;13;14;15>,300,<0;1;2;3;4;5;6;7;8;9;10;11;12;13;14;15>,10,520,28210,,,,可通过特殊运营活动获得,可透過特殊營運活動獲得,Obtainable through special events,Có thể nhận qua sự kiện đặc biệt,특별 운영 이벤트를 통해 획득 가능,Obtido através de eventos especiais,สามารถรับได้จากกิจกรรมพิเศษ,{drawcard=zi_effect_loop;gain=zi_effect_loop}
31408,暗黑涡轮,暗黑渦輪,Dark Turbine,Tuabin Bóng Tối,암흑 터빈,Turbina Negra,กังหันมืด,config/item/xddj/icon_ahwl.png,5,<>,TRUE,,199,80,5,7,148,<3;6;9;12;15;18;21;24;27;30;40;50;60;70;80>,<2153>,<1;13;7;9;8;10>,<1;0.9;1.05;1;1.05;1>,0.5,5,5,301,<0;1;2;3;4;5;6;7;8;9;10;11;12;13;14;15>,302,<0;1;2;3;4;5;6;7;8;9;10;11;12;13;14;15>,10,520,28211,,,,可通过特殊运营活动获得,可透過特殊營運活動獲得,Obtainable through special events,Có thể nhận qua sự kiện đặc biệt,특별 운영 이벤트를 통해 획득 가능,Obtido através de eventos especiais,สามารถรับได้จากกิจกรรมพิเศษ,{drawcard=zi_effect_loop;gain=zi_effect_loop}
31409,冠军奖杯,冠軍獎杯,Champion's Trophy,Cúp Vô Địch,챔피언 트로피,Troféu de Campeão,ถ้วยรางวัลแชมป์เปี้ยน,config/item/xddj/icon_gjpf.png,5,<>,TRUE,,199,80,5,7,149,<3;6;9;12;15;18;21;24;27;30;40;50;60;70;80>,<2153>,<1;13;7;9;8;10>,<1.1;1;1;1.1;1;1.1>,0.5,5,5,303,<0;1;2;3;4;5;6;7;8;9;10;11;12;13;14;15>,304,<0;1;2;3;4;5;6;7;8;9;10;11;12;13;14;15>,10,520,28212,,,,可通过特殊运营活动获得,可透過特殊營運活動獲得,Obtainable through special events,Có thể nhận qua sự kiện đặc biệt,특별 운영 이벤트를 통해 획득 가능,Obtido através de eventos especiais,สามารถรับได้จากกิจกรรมพิเศษ,{drawcard=zi_effect_loop;gain=zi_effect_loop}
31410,绯红引擎,緋紅引擎,Crimson Engine,Động Cơ Đỏ Thẫm,진홍의 엔진,Motor Carmesim,เครื่องยนต์สีเลือด,config/item/xddj/icon_fhyq.png,5,<>,TRUE,,199,80,5,7,150,<3;6;9;12;15;18;21;24;27;30;40;50;60;70;80>,<2153>,<1;13;7;9;8;10>,<1;1;1.1;1;1.1;1>,0.5,5,5,305,<0;1;2;3;4;5;6;7;8;9;10;11;12;13;14;15>,306,<0;1;2;3;4;5;6;7;8;9;10;11;12;13;14;15>,10,520,28213,,,,可通过特殊运营活动获得,可透過特殊營運活動獲得,Obtainable through special events,Có thể nhận qua sự kiện đặc biệt,특별 운영 이벤트를 통해 획득 가능,Obtido através de eventos especiais,สามารถรับได้จากกิจกรรมพิเศษ,{drawcard=zi_effect_loop;gain=zi_effect_loop}
31411,血翼飞刃,血翼飛刃,Blood-Wing Blade,Lưỡi Dao Cánh Máu,피의 날개 칼날,Lâmina de Asa de Sangue,ดาบปีกโลหิต,config/item/xddj/icon_xyfr.png,5,<>,TRUE,,199,80,5,7,151,<3;6;9;12;15;18;21;24;27;30;40;50;60;70;80>,<2153>,<1;13;7;9;8;10>,<1;1;1.1;1;1.1;1>,0.5,5,5,307,<0;1;2;3;4;5;6;7;8;9;10;11;12;13;14;15>,308,<0;1;2;3;4;5;6;7;8;9;10;11;12;13;14;15>,10,520,28214,,,,可通过特殊运营活动获得,可透過特殊營運活動獲得,Obtainable through special events,Có thể nhận qua sự kiện đặc biệt,특별 운영 이벤트를 통해 획득 가능,Obtido através de eventos especiais,สามารถรับได้จากกิจกรรมพิเศษ,{drawcard=zi_effect_loop;gain=zi_effect_loop}
31412,虫鸣巨钳,蟲鳴巨鉗,Bug Buzz Pincer,Kìm Bọ Kêu,벌레의 울음소리 거대 집게,Pinça Zumbido de Inseto,คีมเสียงแมลง,config/item/xddj/icon_hssd.png,5,<>,TRUE,,199,80,5,7,152,<3;6;9;12;15;18;21;24;27;30;40;50;60;70;80>,<2153>,<1;13;7;9;8;10>,<1;1;1.1;1;1.1;1>,0.5,5,5,309,<0;1;2;3;4;5;6;7;8;9;10;11;12;13;14;15>,310,<0;1;2;3;4;5;6;7;8;9;10;11;12;13;14;15>,10,520,28215,,,,可通过特殊运营活动获得,可透過特殊營運活動獲得,Obtainable through special events,Có thể nhận qua sự kiện đặc biệt,특별 운영 이벤트를 통해 획득 가능,Obtido através de eventos especiais,สามารถรับได้จากกิจกรรมพิเศษ,{drawcard=zi_effect_loop;gain=zi_effect_loop}
31413,黄昏之冠,黃昏之冠,Twilight Crown,Vương Miện Hoàng Hôn,황혼의 왕관,Coroa do Crepúsculo,มงกุฎสนธยา,config/item/xddj/icon_hhzg.png,5,<>,TRUE,,199,80,5,7,153,<3;6;9;12;15;18;21;24;27;30;40;50;60;70;80>,<2153>,<1;13;7;9;8;10>,<1;1;1.1;1;1.1;1>,0.5,5,5,311,<0;1;2;3;4;5;6;7;8;9;10;11;12;13;14;15>,312,<0;1;2;3;4;5;6;7;8;9;10;11;12;13;14;15>,10,520,28216,,,,可通过特殊运营活动获得,可透過特殊營運活動獲得,Obtainable through special events,Có thể nhận qua sự kiện đặc biệt,특별 운영 이벤트를 통해 획득 가능,Obtido através de eventos especiais,สามารถรับได้จากกิจกรรมพิเศษ,{drawcard=zi_effect_loop;gain=zi_effect_loop}
31414,大金刚宝玉,大金剛寶玉,Adamant Orb,Ngọc Kim Cương Lớn,큰 금강옥,Adamant Orb,ลูกแก้วอดาแมนต์ใหญ่,config/item/xddj/icon_djgby.png,5,<>,TRUE,,199,80,5,7,154,<3;6;9;12;15;18;21;24;27;30;40;50;60;70;80>,<2153>,<1;13;7;9;8;10>,<1;1;1.1;1;1.1;1>,0.5,5,5,313,<0;1;2;3;4;5;6;7;8;9;10;11;12;13;14;15>,314,<0;1;2;3;4;5;6;7;8;9;10;11;12;13;14;15>,10,520,28217,,,,可通过特殊运营活动获得,可透過特殊營運活動獲得,Obtainable through special events,Có thể nhận qua sự kiện đặc biệt,특별 운영 이벤트를 통해 획득 가능,Obtido através de eventos especiais,สามารถรับได้จากกิจกรรมพิเศษ,{drawcard=zi_effect_loop;gain=zi_effect_loop}
31415,大地神石,大地神石,Earth Stone,Đá Đất,대지의 돌,Pedra da Terra,หินแห่งปฐพี,config/item/xddj/icon_ddss.png,5,<>,TRUE,,199,80,5,7,155,<3;6;9;12;15;18;21;24;27;30;40;50;60;70;80>,<2153>,<1;13;7;9;8;10>,<1;1;1.1;1;1.1;1>,0.5,5,5,315,<0;1;2;3;4;5;6;7;8;9;10;11;12;13;14;15>,316,<0;1;2;3;4;5;6;7;8;9;10;11;12;13;14;15>,10,520,28218,,,,可通过特殊运营活动获得,可透過特殊營運活動獲得,Obtainable through special events,Có thể nhận qua sự kiện đặc biệt,특별 운영 이벤트를 통해 획득 가능,Obtido através de eventos especiais,สามารถรับได้จากกิจกรรมพิเศษ,{drawcard=zi_effect_loop;gain=zi_effect_loop}
30505,神·虫鸣巨钳,神·蟲鳴巨鉗,Divine Bug Buzz Pincer,Thần Kìm Bọ Kêu,신성한 벌레의 울음소리 거대 집게,Pinça Zumbido de Inseto Divina,คีมเสียงแมลงศักดิ์สิทธิ์,config/item/xddj/icon_hssd.png,6,<>,TRUE,,199,80,6,7,156,<3;6;9;12;15;18;21;24;27;30;40;50;60;70;80>,<2153>,<1;13;7;9;8;10>,<1;1;1.1;1;1.1;1>,0.5,6,6,317,<0;1;2;3;4;5;6;7;8;9;10;11;12;13;14;15>,318,<0;1;2;3;4;5;6;7;8;9;10;11;12;13;14;15>,10,520,28219,,,,可通过特殊运营活动获得,可透過特殊營運活動獲得,Obtainable through special events,Có thể nhận qua sự kiện đặc biệt,특별 운영 이벤트를 통해 획득 가능,Obtido através de eventos especiais,สามารถรับได้จากกิจกรรมพิเศษ,{drawcard=zi_effect_loop;gain=zi_effect_loop}
30506,神·黄昏之冠,神·黃昏之冠,Divine Twilight Crown,Thần Vương Miện Hoàng Hôn,신성한 황혼의 왕관,Coroa do Crepúsculo Divina,มงกุฎสนธยาศักดิ์สิทธิ์,config/item/xddj/icon_hhzg.png,6,<>,TRUE,,199,80,6,7,157,<3;6;9;12;15;18;21;24;27;30;40;50;60;70;80>,<2153>,<1;13;7;9;8;10>,<1;1;1.1;1;1.1;1>,0.5,6,6,319,<0;1;2;3;4;5;6;7;8;9;10;11;12;13;14;15>,320,<0;1;2;3;4;5;6;7;8;9;10;11;12;13;14;15>,10,520,28220,,,,可通过特殊运营活动获得,可透過特殊營運活動獲得,Obtainable through special events,Có thể nhận qua sự kiện đặc biệt,특별 운영 이벤트를 통해 획득 가능,Obtido através de eventos especiais,สามารถรับได้จากกิจกรรมพิเศษ,{drawcard=zi_effect_loop;gain=zi_effect_loop}
30507,神·大金刚宝玉,神·大金剛寶玉,Divine Adamant Orb,Thần Ngọc Kim Cương Lớn,신성한 큰 금강옥,Adamant Orb Divina,ลูกแก้วอดาแมนต์ใหญ่ศักดิ์สิทธิ์,config/item/xddj/icon_djgby.png,6,<>,TRUE,,199,80,6,7,158,<3;6;9;12;15;18;21;24;27;30;40;50;60;70;80>,<2153>,<1;13;7;9;8;10>,<1;1;1.1;1;1.1;1>,0.5,6,6,321,<0;1;2;3;4;5;6;7;8;9;10;11;12;13;14;15>,322,<0;1;2;3;4;5;6;7;8;9;10;11;12;13;14;15>,10,520,28221,,,,可通过特殊运营活动获得,可透過特殊營運活動獲得,Obtainable through special events,Có thể nhận qua sự kiện đặc biệt,특별 운영 이벤트를 통해 획득 가능,Obtido através de eventos especiais,สามารถรับได้จากกิจกรรมพิเศษ,{drawcard=zi_effect_loop;gain=zi_effect_loop}