变量名,level,type,point,award,icon,boxIcon,spine
默认值,0,0,0,{},"""""","""""",""""""
ID,成就等级,成就分类 0=成就总览 1=人物成长 2=精灵收集 3=精灵培养 4=副本活动 5=竞技挑战 6=社交,所需成就点,等级奖励,等级图标,宝箱图标,spine动画
1,0,0,0,{},city/task/achievement/icon_cjdw1.png,config/item/box/box_4_1.png,
2,1,0,100,{gold=22000;rmb=50},city/task/achievement/icon_cjdw1.png,config/item/box/box_4_1.png,
3,2,0,300,{gold=22000;rmb=50},city/task/achievement/icon_cjdw1.png,config/item/box/box_4_1.png,
4,3,0,500,{gold=22000;rmb=50},city/task/achievement/icon_cjdw1.png,config/item/box/box_4_1.png,
5,4,0,700,{gold=22000;rmb=50},city/task/achievement/icon_cjdw1.png,config/item/box/box_4_1.png,
6,5,0,900,{gold=44000;rmb=100},city/task/achievement/icon_cjdw1.png,config/item/box/box_4_1.png,
7,6,0,1200,{gold=44000;rmb=100},city/task/achievement/icon_cjdw1.png,config/item/box/box_4_1.png,
8,7,0,1500,{gold=44000;rmb=100},city/task/achievement/icon_cjdw1.png,config/item/box/box_4_1.png,
9,8,0,1800,{gold=44000;rmb=100},city/task/achievement/icon_cjdw1.png,config/item/box/box_4_1.png,
10,9,0,2100,{gold=44000;rmb=100},city/task/achievement/icon_cjdw1.png,config/item/box/box_4_1.png,
11,10,0,2400,{gold=66000;rmb=150},city/task/achievement/icon_cjdw1.png,config/item/box/box_4_1.png,
12,11,0,2700,{gold=66000;rmb=150},city/task/achievement/icon_cjdw2.png,config/item/box/box_4_2.png,jinjie1_effect
13,12,0,3000,{gold=66000;rmb=150},city/task/achievement/icon_cjdw2.png,config/item/box/box_4_2.png,jinjie1_effect
14,13,0,3500,{gold=66000;rmb=150},city/task/achievement/icon_cjdw2.png,config/item/box/box_4_2.png,jinjie1_effect
15,14,0,4000,{gold=66000;rmb=150},city/task/achievement/icon_cjdw2.png,config/item/box/box_4_2.png,jinjie1_effect
16,15,0,4500,{gold=88000;rmb=200},city/task/achievement/icon_cjdw2.png,config/item/box/box_4_2.png,jinjie1_effect
17,16,0,5000,{gold=88000;rmb=200},city/task/achievement/icon_cjdw2.png,config/item/box/box_4_2.png,jinjie1_effect
18,17,0,5500,{gold=88000;rmb=200},city/task/achievement/icon_cjdw2.png,config/item/box/box_4_2.png,jinjie1_effect
19,18,0,6000,{gold=88000;rmb=200},city/task/achievement/icon_cjdw2.png,config/item/box/box_4_2.png,jinjie1_effect
20,19,0,6500,{gold=88000;rmb=200},city/task/achievement/icon_cjdw2.png,config/item/box/box_4_2.png,jinjie2_effect
21,20,0,7000,{gold=110000;rmb=250},city/task/achievement/icon_cjdw2.png,config/item/box/box_4_2.png,jinjie2_effect
22,21,0,7500,{gold=110000;rmb=250},city/task/achievement/icon_cjdw3.png,config/item/box/box_4_3.png,jinjie2_effect
23,22,0,8000,{gold=110000;rmb=250},city/task/achievement/icon_cjdw3.png,config/item/box/box_4_3.png,jinjie2_effect
24,23,0,8500,{gold=110000;rmb=250},city/task/achievement/icon_cjdw3.png,config/item/box/box_4_3.png,jinjie2_effect
25,24,0,9000,{gold=110000;rmb=250},city/task/achievement/icon_cjdw3.png,config/item/box/box_4_3.png,jinjie2_effect
26,25,0,9500,{gold=132000;rmb=300},city/task/achievement/icon_cjdw3.png,config/item/box/box_4_3.png,jinjie2_effect
27,26,0,10000,{gold=132000;rmb=300},city/task/achievement/icon_cjdw3.png,config/item/box/box_4_3.png,jinjie2_effect
28,27,0,10500,{gold=132000;rmb=300},city/task/achievement/icon_cjdw3.png,config/item/box/box_4_3.png,jinjie3_effect
29,28,0,11000,{gold=132000;rmb=300},city/task/achievement/icon_cjdw3.png,config/item/box/box_4_3.png,jinjie3_effect
30,29,0,11500,{gold=132000;rmb=300},city/task/achievement/icon_cjdw3.png,config/item/box/box_4_3.png,jinjie3_effect
31,30,0,12000,{gold=154000;rmb=350},city/task/achievement/icon_cjdw3.png,config/item/box/box_4_3.png,jinjie3_effect
32,31,0,12500,{gold=154000;rmb=350},city/task/achievement/icon_cjdw4.png,config/item/box/box_4_4.png,jinjie3_effect
33,32,0,13000,{gold=154000;rmb=350},city/task/achievement/icon_cjdw4.png,config/item/box/box_4_4.png,jinjie3_effect
34,33,0,13500,{gold=154000;rmb=350},city/task/achievement/icon_cjdw4.png,config/item/box/box_4_4.png,jinjie3_effect
35,34,0,14000,{gold=154000;rmb=350},city/task/achievement/icon_cjdw4.png,config/item/box/box_4_4.png,jinjie3_effect
36,35,0,14500,{gold=176000;rmb=400},city/task/achievement/icon_cjdw4.png,config/item/box/box_4_4.png,jinjie4_effect
37,36,0,15000,{gold=176000;rmb=400},city/task/achievement/icon_cjdw4.png,config/item/box/box_4_4.png,jinjie4_effect
38,37,0,15500,{gold=176000;rmb=400},city/task/achievement/icon_cjdw4.png,config/item/box/box_4_4.png,jinjie4_effect
39,38,0,16000,{gold=176000;rmb=400},city/task/achievement/icon_cjdw4.png,config/item/box/box_4_4.png,jinjie4_effect
40,39,0,16500,{gold=176000;rmb=400},city/task/achievement/icon_cjdw4.png,config/item/box/box_4_4.png,jinjie4_effect
41,40,0,17000,{gold=198000;rmb=450},city/task/achievement/icon_cjdw4.png,config/item/box/box_4_4.png,jinjie4_effect
42,41,0,17500,{gold=198000;rmb=450},city/task/achievement/icon_cjdw5.png,config/item/box/box_4_5.png,jinjie4_effect
43,42,0,18000,{gold=198000;rmb=450},city/task/achievement/icon_cjdw5.png,config/item/box/box_4_5.png,jinjie4_effect
44,43,0,18500,{gold=198000;rmb=450},city/task/achievement/icon_cjdw5.png,config/item/box/box_4_5.png,jinjie5_effect
45,44,0,19000,{gold=198000;rmb=450},city/task/achievement/icon_cjdw5.png,config/item/box/box_4_5.png,jinjie5_effect
46,45,0,19500,{gold=220000;rmb=500},city/task/achievement/icon_cjdw5.png,config/item/box/box_4_5.png,jinjie5_effect
47,46,0,20000,{gold=220000;rmb=500},city/task/achievement/icon_cjdw5.png,config/item/box/box_4_5.png,jinjie5_effect
48,47,0,20500,{gold=220000;rmb=500},city/task/achievement/icon_cjdw5.png,config/item/box/box_4_5.png,jinjie5_effect
49,48,0,21000,{gold=220000;rmb=500},city/task/achievement/icon_cjdw5.png,config/item/box/box_4_5.png,jinjie5_effect
50,49,0,21500,{gold=220000;rmb=500},city/task/achievement/icon_cjdw5.png,config/item/box/box_4_5.png,jinjie5_effect
51,50,0,22000,{gold=242000;rmb=550},city/task/achievement/icon_cjdw5.png,config/item/box/box_4_5.png,jinjie5_effect
1001,0,1,0,{},,config/item/box/box_13_1.png,
1002,1,1,200,{520=2;gold=40000;talent_point=5},,config/item/box/box_13_1.png,
1003,2,1,500,{520=2;gold=40000;talent_point=5},,config/item/box/box_13_1.png,
1004,3,1,1000,{520=2;gold=40000;talent_point=5},,config/item/box/box_13_1.png,
1005,4,1,1500,{520=2;gold=40000;talent_point=5},,config/item/box/box_13_1.png,
1006,5,1,2000,{520=2;gold=40000;talent_point=5},,config/item/box/box_13_1.png,
1007,6,1,2500,{520=2;gold=70000;talent_point=5},,config/item/box/box_13_2.png,
1008,7,1,3000,{520=2;gold=70000;talent_point=5},,config/item/box/box_13_2.png,
2001,0,2,0,{},,config/item/box/box_13_1.png,
2002,1,2,200,{14=20;gold=40000},,config/item/box/box_13_1.png,
2003,2,2,400,{14=20;gold=40000},,config/item/box/box_13_1.png,
2004,3,2,800,{14=20;gold=40000},,config/item/box/box_13_1.png,
2005,4,2,1200,{14=20;gold=70000},,config/item/box/box_13_1.png,
2006,5,2,1800,{14=20;gold=70000},,config/item/box/box_13_1.png,
2007,6,2,2400,{14=30;gold=70000},,config/item/box/box_13_1.png,
2008,7,2,3000,{14=30;gold=100000},,config/item/box/box_13_2.png,
3001,0,3,0,{},,config/item/box/box_13_1.png,
3002,1,3,100,{930=20;gold=40000},,config/item/box/box_13_1.png,
3003,2,3,300,{930=20;gold=40000},,config/item/box/box_13_1.png,
3004,3,3,500,{930=20;gold=40000},,config/item/box/box_13_1.png,
3005,4,3,800,{930=20;gold=70000},,config/item/box/box_13_1.png,
3006,5,3,1200,{930=20;gold=70000},,config/item/box/box_13_1.png,
3007,6,3,1600,{930=30;gold=70000},,config/item/box/box_13_2.png,
3008,7,3,2000,{930=30;gold=100000},,config/item/box/box_13_2.png,
3009,8,3,2500,{930=30;gold=100000},,config/item/box/box_13_2.png,
3010,9,3,2000,{930=30;gold=100000},,config/item/box/box_13_2.png,
4001,0,4,0,{},,config/item/box/box_13_1.png,
4002,1,4,100,{gold=70000;524=5},,config/item/box/box_13_1.png,
4003,2,4,200,{gold=70000;524=5},,config/item/box/box_13_1.png,
4004,3,4,300,{gold=70000;524=5},,config/item/box/box_13_1.png,
4005,4,4,400,{gold=70000;524=5},,config/item/box/box_13_1.png,
4006,5,4,500,{gold=70000;524=5},,config/item/box/box_13_1.png,
4007,6,4,600,{gold=100000;525=3},,config/item/box/box_13_2.png,
4008,7,4,700,{gold=100000;525=3},,config/item/box/box_13_2.png,
4009,8,4,800,{gold=100000;525=3},,config/item/box/box_13_2.png,
4010,9,4,1000,{gold=150000;525=5},,config/item/box/box_13_2.png,
4011,10,4,1200,{gold=150000;525=5},,config/item/box/box_13_2.png,
4012,11,4,1500,{gold=150000;525=5},,config/item/box/box_13_2.png,
4013,12,4,2000,{gold=150000;525=5},,config/item/box/box_13_2.png,
4014,13,4,2500,{gold=150000;rmb=500;525=5},,config/item/box/box_13_2.png,
5001,0,5,0,{},,config/item/box/box_13_1.png,
5002,1,5,100,{coin6=1500;gold=70000},,config/item/box/box_13_1.png,
5003,2,5,200,{coin6=2000;gold=70000},,config/item/box/box_13_1.png,
5004,3,5,300,{coin6=2500;gold=70000},,config/item/box/box_13_1.png,
5005,4,5,400,{coin6=3500;gold=70000},,config/item/box/box_13_1.png,
5006,5,5,500,{coin6=4500;gold=70000},,config/item/box/box_13_1.png,
6001,0,6,0,{},,config/item/box/box_13_1.png,
6002,1,6,100,{932=20;gold=70000},,config/item/box/box_13_1.png,
6003,2,6,200,{932=25;gold=70000},,config/item/box/box_13_1.png,
6004,3,6,300,{932=30;gold=70000},,config/item/box/box_13_1.png,
6005,4,6,400,{932=50;gold=70000},,config/item/box/box_13_1.png,
6006,5,6,500,{932=70;gold=70000},,config/item/box/box_13_1.png,
6007,6,6,600,{932=100;gold=100000},,config/item/box/box_13_1.png,
