变量名,needPoint,award,version
默认值,,{},0
ID,需要积分,奖励,奖励版本
1,100,{4000=5;gold=2000;12=10;20301=2},0
2,300,{4000=5;gold=3000;12=10;20301=2},0
3,600,{4000=5;gold=4000;12=10;20301=2},0
4,1000,{4000=5;gold=5000;12=10;20301=2},0
5,2000,{4000=5;gold=6000;12=10;20301=2},0
6,3000,{4000=5;gold=7000;12=10;20301=2},0
7,4000,{4000=5;gold=8000;12=10;20301=2},0
8,5000,{4000=5;gold=9000;12=10;20301=2},0
9,7000,{4000=5;gold=10000;12=10;20301=2},0
10,9000,{4000=5;gold=11000;12=10;20301=2},0
11,11000,{4000=10;gold=12000;12=10;20301=2},0
12,13000,{4000=10;gold=13000;12=10;20301=2},0
13,15000,{4000=10;gold=14000;12=10;20301=2},0
14,18000,{4000=10;gold=15000;12=10;20301=2},0
15,21000,{4000=10;gold=16000;12=10;20301=2},0
16,24000,{4000=10;gold=17000;12=10;20591=1},0
17,27000,{4000=10;gold=18000;12=10;20591=1},0
18,30000,{4000=10;gold=19000;12=10;20591=1},0
19,33000,{4000=10;gold=20000;12=10;20591=1},0
20,36000,{4000=10;gold=21000;12=10;20591=1},0
21,39000,{4000=15;gold=22000;12=10;20591=1},0
22,42000,{4000=15;gold=23000;12=10;20591=1},0
23,45000,{4000=15;gold=24000;12=10;20591=1},0
24,48000,{4000=15;gold=25000;12=10;20591=1},0
25,51000,{4000=15;gold=26000;12=10;20591=1},0
26,54000,{4000=15;gold=27000;12=10;20591=1},0
27,57000,{4000=15;gold=28000;12=10;20591=1},0
28,60000,{4000=15;gold=29000;12=10;20591=1},0
29,63000,{4000=15;gold=30000;12=10;20591=1},0
30,66000,{4000=15;gold=31000;12=10;20591=1},0
31,69000,{4000=20;gold=32000;12=10;20591=1},0
32,72000,{4000=20;gold=33000;12=10;20591=1},0
33,75000,{4000=20;gold=34000;12=10;20591=1},0
34,78000,{4000=20;gold=35000;12=10;20591=1},0
35,81000,{4000=20;gold=36000;12=10;20591=1},0
36,84000,{4000=20;gold=37000;12=10;20591=1},0
37,87000,{4000=20;gold=38000;12=10;20591=1},0
38,90000,{4000=20;gold=39000;12=10;20591=1},0
39,93000,{4000=20;gold=40000;12=10;20591=1},0
40,96000,{4000=20;gold=41000;12=10;20591=1},0
41,99000,{4000=25;gold=42000;12=10;20591=1},0
42,102000,{4000=25;gold=43000;12=10;20591=1},0
43,105000,{4000=25;gold=44000;12=10;20591=1},0
44,108000,{4000=25;gold=45000;12=10;20591=1},0
45,111000,{4000=25;gold=46000;12=10;20591=1},0
46,114000,{4000=25;gold=47000;12=10;20591=1},0
47,117000,{4000=25;gold=48000;12=10;20591=1},0
48,120000,{4000=25;gold=49000;12=10;20591=1},0
49,123000,{4000=25;gold=50000;12=10;20591=1},0
50,126000,{4000=25;gold=50000;12=10;20591=1},0
51,129000,{4000=30;gold=50000;12=10;20591=1},0
52,132000,{4000=30;gold=50000;12=10;20591=1},0
53,135000,{4000=30;gold=50000;12=10;20591=1},0
54,138000,{4000=30;gold=50000;12=10;20591=1},0
55,141000,{4000=30;gold=50000;12=10;20591=1},0
56,144000,{4000=30;gold=50000;12=10;20591=1},0
57,147000,{4000=30;gold=50000;12=10;20591=1},0
58,150000,{4000=30;gold=50000;12=10;20591=1},0
59,160000,{4000=30;gold=50000;12=10;20591=1},0
60,170000,{4000=30;gold=50000;12=10;20591=1},0
61,180000,{4000=30;gold=50000;12=10;20591=1},0
62,190000,{4000=30;gold=50000;12=10;20591=1},0
63,200000,{4000=30;gold=50000;12=10;20591=1},0
64,210000,{4000=30;gold=50000;12=10;20591=1},0
65,220000,{4000=30;gold=50000;12=10;20591=1},0
66,230000,{4000=30;gold=50000;12=10;20591=1},0
67,240000,{4000=30;gold=50000;12=10;20591=1},0
68,250000,{4000=30;gold=50000;12=10;20591=1},0
69,260000,{4000=30;gold=50000;12=10;20591=1},0
70,270000,{4000=30;gold=50000;12=10;20591=1},0
71,280000,{4000=30;gold=50000;12=10;20591=1},0
72,290000,{4000=30;gold=50000;12=10;20591=1},0
73,300000,{4000=30;gold=50000;12=10;20591=1},0
74,310000,{4000=30;gold=50000;12=10;20591=1},0
75,320000,{4000=30;gold=50000;12=10;20591=1},0
76,330000,{4000=30;gold=50000;12=10;20591=1},0
77,340000,{4000=30;gold=50000;12=10;20591=1},0
78,350000,{4000=30;gold=50000;12=10;20591=1},0
79,360000,{4000=30;gold=50000;12=10;20591=1},0
80,370000,{4000=30;gold=50000;12=10;20591=1},0
81,380000,{4000=30;gold=50000;12=10;20591=1},0
82,390000,{4000=30;gold=50000;12=10;20591=1},0
83,400000,{4000=30;gold=50000;12=10;20591=1},0
84,410000,{4000=30;gold=50000;12=10;20591=1},0
85,420000,{4000=30;gold=50000;12=10;20591=1},0
86,430000,{4000=30;gold=50000;12=10;20591=1},0
87,440000,{4000=30;gold=50000;12=10;20591=1},0
88,450000,{4000=30;gold=50000;12=10;20591=1},0
89,460000,{4000=30;gold=50000;12=10;20591=1},0
90,470000,{4000=30;gold=50000;12=10;20591=1},0
91,480000,{4000=30;gold=50000;12=10;20591=1},0
92,490000,{4000=30;gold=50000;12=10;20591=1},0
93,500000,{4000=30;gold=50000;12=10;20591=1},0
94,510000,{4000=30;gold=50000;12=10;20591=1},0
95,520000,{4000=30;gold=50000;12=10;20591=1},0
96,530000,{4000=30;gold=50000;12=10;20591=1},0
97,540000,{4000=30;gold=50000;12=10;20591=1},0
98,550000,{4000=30;gold=50000;12=10;20591=1},0
99,560000,{4000=30;gold=50000;12=10;20591=1},0
100,570000,{4000=30;gold=50000;12=10;20591=1},0
101,580000,{4000=30;gold=50000;12=10;20591=1},0
102,590000,{4000=30;gold=50000;12=10;20591=1},0
103,600000,{4000=30;gold=50000;12=10;20591=1},0
104,610000,{4000=30;gold=50000;12=10;20591=1},0
105,620000,{4000=30;gold=50000;12=10;20591=1},0
106,630000,{4000=30;gold=50000;12=10;20591=1},0
107,640000,{4000=30;gold=50000;12=10;20591=1},0
108,650000,{4000=30;gold=50000;12=10;20591=1},0
109,660000,{4000=30;gold=50000;12=10;20591=1},0
110,670000,{4000=30;gold=50000;12=10;20591=1},0
111,680000,{4000=30;gold=50000;12=10;20591=1},0
112,690000,{4000=30;gold=50000;12=10;20591=1},0
113,700000,{4000=30;gold=50000;12=10;20591=1},0
114,710000,{4000=30;gold=50000;12=10;20591=1},0
115,720000,{4000=30;gold=50000;12=10;20591=1},0
116,730000,{4000=30;gold=50000;12=10;20591=1},0
117,740000,{4000=30;gold=50000;12=10;20591=1},0
118,750000,{4000=30;gold=50000;12=10;20591=1},0
119,760000,{4000=30;gold=50000;12=10;20591=1},0
120,770000,{4000=30;gold=50000;12=10;20591=1},0
121,780000,{4000=30;gold=50000;12=10;20591=1},0
122,790000,{4000=30;gold=50000;12=10;20591=1},0
123,800000,{4000=30;gold=50000;12=10;20591=1},0
124,810000,{4000=30;gold=50000;12=10;20591=1},0
125,820000,{4000=30;gold=50000;12=10;20591=1},0
126,830000,{4000=30;gold=50000;12=10;20591=1},0
127,840000,{4000=30;gold=50000;12=10;20591=1},0
128,850000,{4000=30;gold=50000;12=10;20591=1},0
129,860000,{4000=30;gold=50000;12=10;20591=1},0
130,870000,{4000=30;gold=50000;12=10;20591=1},0
131,880000,{4000=30;gold=50000;12=10;20591=1},0
132,890000,{4000=30;gold=50000;12=10;20591=1},0
133,900000,{4000=30;gold=50000;12=10;20591=1},0
134,910000,{4000=30;gold=50000;12=10;20591=1},0
135,920000,{4000=30;gold=50000;12=10;20591=1},0
136,930000,{4000=30;gold=50000;12=10;20591=1},0
137,940000,{4000=30;gold=50000;12=10;20591=1},0
138,950000,{4000=30;gold=50000;12=10;20591=1},0
139,960000,{4000=30;gold=50000;12=10;20591=1},0
140,970000,{4000=30;gold=50000;12=10;20591=1},0
141,980000,{4000=30;gold=50000;12=10;20591=1},0
142,990000,{4000=30;gold=50000;12=10;20591=1},0
143,1000000,{4000=30;gold=50000;12=10;20591=1},0
144,1010000,{4000=30;gold=50000;12=10;20591=1},0
145,1020000,{4000=30;gold=50000;12=10;20591=1},0
146,1030000,{4000=30;gold=50000;12=10;20591=1},0
147,1040000,{4000=30;gold=50000;12=10;20591=1},0
148,1050000,{4000=30;gold=50000;12=10;20591=1},0
149,1060000,{4000=30;gold=50000;12=10;20591=1},0
150,1070000,{4000=30;gold=50000;12=10;20591=1},0
151,1080000,{4000=30;gold=50000;12=10;20591=1},0
152,1090000,{4000=30;gold=50000;12=10;20591=1},0
153,1100000,{4000=30;gold=50000;12=10;20591=1},0
154,1110000,{4000=30;gold=50000;12=10;20591=1},0
155,1120000,{4000=30;gold=50000;12=10;20591=1},0
156,1130000,{4000=30;gold=50000;12=10;20591=1},0
157,1140000,{4000=30;gold=50000;12=10;20591=1},0
158,1150000,{4000=30;gold=50000;12=10;20591=1},0
159,1160000,{4000=30;gold=50000;12=10;20591=1},0
160,1170000,{4000=30;gold=50000;12=10;20591=1},0
161,1180000,{4000=30;gold=50000;12=10;20591=1},0
162,1190000,{4000=30;gold=50000;12=10;20591=1},0
163,1200000,{4000=30;gold=50000;12=10;20591=1},0
164,1210000,{4000=30;gold=50000;12=10;20591=1},0
165,1220000,{4000=30;gold=50000;12=10;20591=1},0
166,1230000,{4000=30;gold=50000;12=10;20591=1},0
167,1240000,{4000=30;gold=50000;12=10;20591=1},0
168,1250000,{4000=30;gold=50000;12=10;20591=1},0
169,1260000,{4000=30;gold=50000;12=10;20591=1},0
170,1270000,{4000=30;gold=50000;12=10;20591=1},0
171,1280000,{4000=30;gold=50000;12=10;20591=1},0
172,1290000,{4000=30;gold=50000;12=10;20591=1},0
173,1300000,{4000=30;gold=50000;12=10;20591=1},0
174,1310000,{4000=30;gold=50000;12=10;20591=1},0
175,1320000,{4000=30;gold=50000;12=10;20591=1},0
176,1330000,{4000=30;gold=50000;12=10;20591=1},0
177,1340000,{4000=30;gold=50000;12=10;20591=1},0
178,1350000,{4000=30;gold=50000;12=10;20591=1},0
179,1360000,{4000=30;gold=50000;12=10;20591=1},0
180,1370000,{4000=30;gold=50000;12=10;20591=1},0
181,1380000,{4000=30;gold=50000;12=10;20591=1},0
182,1390000,{4000=30;gold=50000;12=10;20591=1},0
183,1400000,{4000=30;gold=50000;12=10;20591=1},0
184,1410000,{4000=30;gold=50000;12=10;20591=1},0
185,1420000,{4000=30;gold=50000;12=10;20591=1},0
186,1430000,{4000=30;gold=50000;12=10;20591=1},0
187,1440000,{4000=30;gold=50000;12=10;20591=1},0
188,1450000,{4000=30;gold=50000;12=10;20591=1},0
189,1460000,{4000=30;gold=50000;12=10;20591=1},0
190,1470000,{4000=30;gold=50000;12=10;20591=1},0
191,1480000,{4000=30;gold=50000;12=10;20591=1},0
192,1490000,{4000=30;gold=50000;12=10;20591=1},0
193,1500000,{4000=30;gold=50000;12=10;20591=1},0
194,1510000,{4000=30;gold=50000;12=10;20591=1},0
195,1520000,{4000=30;gold=50000;12=10;20591=1},0
196,1530000,{4000=30;gold=50000;12=10;20591=1},0
197,1540000,{4000=30;gold=50000;12=10;20591=1},0
198,1550000,{4000=30;gold=50000;12=10;20591=1},0
199,1560000,{4000=30;gold=50000;12=10;20591=1},0
200,1570000,{4000=30;gold=50000;12=10;20591=1},0
1001,100,{6201=1;4000=5;gold=2000;12=10},1
1002,300,{6201=1;4000=5;gold=3000;12=10},1
1003,600,{6201=1;4000=5;gold=4000;12=10},1
1004,1000,{6201=1;4000=5;gold=5000;12=10},1
1005,2000,{6201=1;4000=5;gold=6000;12=10},1
1006,3000,{6201=1;4000=5;gold=7000;12=10},1
1007,4000,{6201=1;4000=5;gold=8000;12=10},1
1008,5000,{6201=1;4000=5;gold=9000;12=10},1
1009,7000,{6201=1;4000=5;gold=10000;12=10},1
1010,9000,{6201=1;4000=5;gold=11000;12=10},1
1011,11000,{6201=1;4000=10;gold=12000;12=10},1
1012,13000,{6201=1;4000=10;gold=13000;12=10},1
1013,15000,{6201=1;4000=10;gold=14000;12=10},1
1014,18000,{6201=1;4000=10;gold=15000;12=10},1
1015,21000,{6201=1;4000=10;gold=16000;12=10},1
1016,24000,{6201=1;4000=10;gold=17000;12=10},1
1017,27000,{6201=1;4000=10;gold=18000;12=10},1
1018,30000,{6201=1;4000=10;gold=19000;12=10},1
1019,33000,{6201=1;4000=10;gold=20000;12=10},1
1020,36000,{6201=1;4000=10;gold=21000;12=10},1
1021,39000,{6201=1;4000=15;gold=22000;12=10},1
1022,42000,{6201=1;4000=15;gold=23000;12=10},1
1023,45000,{6201=1;4000=15;gold=24000;12=10},1
1024,48000,{6201=1;4000=15;gold=25000;12=10},1
1025,51000,{6201=1;4000=15;gold=26000;12=10},1
1026,54000,{6201=1;4000=15;gold=27000;12=10},1
1027,57000,{6201=1;4000=15;gold=28000;12=10},1
1028,60000,{6201=1;4000=15;gold=29000;12=10},1
1029,63000,{6201=1;4000=15;gold=30000;12=10},1
1030,66000,{6201=1;4000=15;gold=31000;12=10},1
1031,69000,{6201=1;4000=20;gold=32000;12=10},1
1032,72000,{6201=1;4000=20;gold=33000;12=10},1
1033,75000,{6201=1;4000=20;gold=34000;12=10},1
1034,78000,{6201=1;4000=20;gold=35000;12=10},1
1035,81000,{6201=1;4000=20;gold=36000;12=10},1
1036,84000,{6201=1;4000=20;gold=37000;12=10},1
1037,87000,{6201=1;4000=20;gold=38000;12=10},1
1038,90000,{6201=1;4000=20;gold=39000;12=10},1
1039,93000,{6201=1;4000=20;gold=40000;12=10},1
1040,96000,{6201=1;4000=20;gold=41000;12=10},1
1041,99000,{6201=1;4000=25;gold=42000;12=10},1
1042,102000,{6201=1;4000=25;gold=43000;12=10},1
1043,105000,{6201=1;4000=25;gold=44000;12=10},1
1044,108000,{6201=1;4000=25;gold=45000;12=10},1
1045,111000,{6201=1;4000=25;gold=46000;12=10},1
1046,114000,{6201=1;4000=25;gold=47000;12=10},1
1047,117000,{6201=1;4000=25;gold=48000;12=10},1
1048,120000,{6201=1;4000=25;gold=49000;12=10},1
1049,123000,{6201=1;4000=25;gold=50000;12=10},1
1050,126000,{6201=1;4000=25;gold=50000;12=10},1
1051,129000,{6201=1;4000=30;gold=50000;12=10},1
1052,132000,{6201=1;4000=30;gold=50000;12=10},1
1053,135000,{6201=1;4000=30;gold=50000;12=10},1
1054,138000,{6201=1;4000=30;gold=50000;12=10},1
1055,141000,{6201=1;4000=30;gold=50000;12=10},1
1056,144000,{6201=1;4000=30;gold=50000;12=10},1
1057,147000,{6201=1;4000=30;gold=50000;12=10},1
1058,150000,{6201=1;4000=30;gold=50000;12=10},1
1059,155000,{6201=1;4000=30;gold=50000;12=10},1
1060,160000,{6201=1;4000=30;gold=50000;12=10},1
1061,165000,{6201=1;4000=30;gold=50000;12=10},1
1062,170000,{6201=1;4000=30;gold=50000;12=10},1
1063,175000,{6201=1;4000=30;gold=50000;12=10},1
1064,180000,{6201=1;4000=30;gold=50000;12=10},1
1065,185000,{6201=1;4000=30;gold=50000;12=10},1
1066,190000,{6201=1;4000=30;gold=50000;12=10},1
1067,195000,{6201=1;4000=30;gold=50000;12=10},1
1068,200000,{6201=1;4000=30;gold=50000;12=10},1
1069,208000,{6201=1;4000=30;gold=50000;12=10},1
1070,216000,{6201=1;4000=30;gold=50000;12=10},1
1071,224000,{6201=1;4000=30;gold=50000;12=10},1
1072,232000,{6201=1;4000=30;gold=50000;12=10},1
1073,240000,{6201=1;4000=30;gold=50000;12=10},1
1074,248000,{6201=1;4000=30;gold=50000;12=10},1
1075,256000,{6201=1;4000=30;gold=50000;12=10},1
1076,264000,{6201=1;4000=30;gold=50000;12=10},1
1077,272000,{6201=1;4000=30;gold=50000;12=10},1
1078,280000,{6201=1;4000=30;gold=50000;12=10},1
1079,288000,{6201=1;4000=30;gold=50000;12=10},1
1080,296000,{6201=1;4000=30;gold=50000;12=10},1
1081,304000,{6201=1;4000=30;gold=50000;12=10},1
1082,312000,{6201=1;4000=30;gold=50000;12=10},1
1083,320000,{6201=1;4000=30;gold=50000;12=10},1
1084,328000,{6201=1;4000=30;gold=50000;12=10},1
1085,336000,{6201=1;4000=30;gold=50000;12=10},1
1086,344000,{6201=1;4000=30;gold=50000;12=10},1
1087,352000,{6201=1;4000=30;gold=50000;12=10},1
1088,360000,{6201=1;4000=30;gold=50000;12=10},1
1089,368000,{6201=1;4000=30;gold=50000;12=10},1
1090,376000,{6201=1;4000=30;gold=50000;12=10},1
1091,384000,{6201=1;4000=30;gold=50000;12=10},1
1092,392000,{6201=1;4000=30;gold=50000;12=10},1
1093,400000,{6201=1;4000=30;gold=50000;12=10},1
1094,410000,{6201=1;4000=30;gold=50000;12=10},1
1095,420000,{6201=1;4000=30;gold=50000;12=10},1
1096,430000,{6201=1;4000=30;gold=50000;12=10},1
1097,440000,{6201=1;4000=30;gold=50000;12=10},1
1098,450000,{6201=1;4000=30;gold=50000;12=10},1
1099,460000,{6201=1;4000=30;gold=50000;12=10},1
1100,470000,{6201=1;4000=30;gold=50000;12=10},1
1101,480000,{502=1;4000=30;gold=50000;12=10},1
1102,490000,{502=1;4000=30;gold=50000;12=10},1
1103,500000,{502=1;4000=30;gold=50000;12=10},1
1104,510000,{502=1;4000=30;gold=50000;12=10},1
1105,520000,{502=1;4000=30;gold=50000;12=10},1
1106,530000,{502=1;4000=30;gold=50000;12=10},1
1107,540000,{502=1;4000=30;gold=50000;12=10},1
1108,550000,{502=1;4000=30;gold=50000;12=10},1
1109,560000,{502=1;4000=30;gold=50000;12=10},1
1110,570000,{502=1;4000=30;gold=50000;12=10},1
1111,580000,{502=1;4000=30;gold=50000;12=10},1
1112,590000,{502=1;4000=30;gold=50000;12=10},1
1113,600000,{502=1;4000=30;gold=50000;12=10},1
1114,610000,{502=1;4000=30;gold=50000;12=10},1
1115,620000,{502=1;4000=30;gold=50000;12=10},1
1116,630000,{502=1;4000=30;gold=50000;12=10},1
1117,640000,{502=1;4000=30;gold=50000;12=10},1
1118,650000,{502=1;4000=30;gold=50000;12=10},1
1119,660000,{502=1;4000=30;gold=50000;12=10},1
1120,670000,{502=1;4000=30;gold=50000;12=10},1
1121,680000,{502=1;4000=30;gold=50000;12=10},1
1122,690000,{502=1;4000=30;gold=50000;12=10},1
1123,700000,{502=1;4000=30;gold=50000;12=10},1
1124,710000,{502=1;4000=30;gold=50000;12=10},1
1125,720000,{502=1;4000=30;gold=50000;12=10},1
1126,730000,{502=1;4000=30;gold=50000;12=10},1
1127,740000,{502=1;4000=30;gold=50000;12=10},1
1128,750000,{502=1;4000=30;gold=50000;12=10},1
1129,760000,{502=1;4000=30;gold=50000;12=10},1
1130,770000,{502=1;4000=30;gold=50000;12=10},1
1131,780000,{502=1;4000=30;gold=50000;12=10},1
1132,790000,{502=1;4000=30;gold=50000;12=10},1
1133,800000,{502=1;4000=30;gold=50000;12=10},1
1134,810000,{502=1;4000=30;gold=50000;12=10},1
1135,820000,{502=1;4000=30;gold=50000;12=10},1
1136,830000,{502=1;4000=30;gold=50000;12=10},1
1137,840000,{502=1;4000=30;gold=50000;12=10},1
1138,850000,{502=1;4000=30;gold=50000;12=10},1
1139,860000,{502=1;4000=30;gold=50000;12=10},1
1140,870000,{502=1;4000=30;gold=50000;12=10},1
1141,880000,{502=1;4000=30;gold=50000;12=10},1
1142,890000,{502=1;4000=30;gold=50000;12=10},1
1143,900000,{502=1;4000=30;gold=50000;12=10},1
1144,910000,{502=1;4000=30;gold=50000;12=10},1
1145,920000,{502=1;4000=30;gold=50000;12=10},1
1146,930000,{502=1;4000=30;gold=50000;12=10},1
1147,940000,{502=1;4000=30;gold=50000;12=10},1
1148,950000,{502=1;4000=30;gold=50000;12=10},1
1149,960000,{502=1;4000=30;gold=50000;12=10},1
1150,970000,{502=1;4000=30;gold=50000;12=10},1
1151,980000,{502=1;4000=30;gold=50000;12=10},1
1152,990000,{502=1;4000=30;gold=50000;12=10},1
1153,1000000,{502=1;4000=30;gold=50000;12=10},1
1154,1010000,{502=1;4000=30;gold=50000;12=10},1
1155,1020000,{502=1;4000=30;gold=50000;12=10},1
1156,1030000,{502=1;4000=30;gold=50000;12=10},1
1157,1040000,{502=1;4000=30;gold=50000;12=10},1
1158,1050000,{502=1;4000=30;gold=50000;12=10},1
1159,1060000,{502=1;4000=30;gold=50000;12=10},1
1160,1070000,{502=1;4000=30;gold=50000;12=10},1
1161,1080000,{502=1;4000=30;gold=50000;12=10},1
1162,1090000,{502=1;4000=30;gold=50000;12=10},1
1163,1100000,{502=1;4000=30;gold=50000;12=10},1
1164,1110000,{502=1;4000=30;gold=50000;12=10},1
1165,1120000,{502=1;4000=30;gold=50000;12=10},1
1166,1130000,{502=1;4000=30;gold=50000;12=10},1
1167,1140000,{502=1;4000=30;gold=50000;12=10},1
1168,1150000,{502=1;4000=30;gold=50000;12=10},1
1169,1160000,{502=1;4000=30;gold=50000;12=10},1
1170,1170000,{502=1;4000=30;gold=50000;12=10},1
1171,1180000,{502=1;4000=30;gold=50000;12=10},1
1172,1190000,{502=1;4000=30;gold=50000;12=10},1
1173,1200000,{502=1;4000=30;gold=50000;12=10},1
1174,1210000,{502=1;4000=30;gold=50000;12=10},1
1175,1220000,{502=1;4000=30;gold=50000;12=10},1
1176,1230000,{502=1;4000=30;gold=50000;12=10},1
1177,1240000,{502=1;4000=30;gold=50000;12=10},1
1178,1250000,{502=1;4000=30;gold=50000;12=10},1
1179,1260000,{502=1;4000=30;gold=50000;12=10},1
1180,1270000,{502=1;4000=30;gold=50000;12=10},1
1181,1280000,{502=1;4000=30;gold=50000;12=10},1
1182,1290000,{502=1;4000=30;gold=50000;12=10},1
1183,1300000,{502=1;4000=30;gold=50000;12=10},1
1184,1310000,{502=1;4000=30;gold=50000;12=10},1
1185,1320000,{502=1;4000=30;gold=50000;12=10},1
1186,1330000,{502=1;4000=30;gold=50000;12=10},1
1187,1340000,{502=1;4000=30;gold=50000;12=10},1
1188,1350000,{502=1;4000=30;gold=50000;12=10},1
1189,1360000,{502=1;4000=30;gold=50000;12=10},1
1190,1370000,{502=1;4000=30;gold=50000;12=10},1
1191,1380000,{502=1;4000=30;gold=50000;12=10},1
1192,1390000,{502=1;4000=30;gold=50000;12=10},1
1193,1400000,{502=1;4000=30;gold=50000;12=10},1
1194,1410000,{502=1;4000=30;gold=50000;12=10},1
1195,1420000,{502=1;4000=30;gold=50000;12=10},1
1196,1430000,{502=1;4000=30;gold=50000;12=10},1
1197,1440000,{502=1;4000=30;gold=50000;12=10},1
1198,1450000,{502=1;4000=30;gold=50000;12=10},1
1199,1460000,{502=1;4000=30;gold=50000;12=10},1
1200,1470000,{502=1;4000=30;gold=50000;12=10},1
