±äÁ¿Ãû,level,randomWeight,card1,skillMap1,card2,skillMap2,card3,skillMap3,card4,skillMap4,card5,skillMap5,card6,skillMap6
Ä¬ÈÏÖµ,1,1,{},{},{},{},{},{},{},{},{},{},{},{}
ID,µÈ¼¶,Ëæ»úÈ¨Öµ,¿¨ÅÆID1,¿¨ÅÆ¼¼ÄÜµÈ¼¶ÅäÖÃ1,¿¨ÅÆID2,¿¨ÅÆ¼¼ÄÜµÈ¼¶ÅäÖÃ2,¿¨ÅÆID3,¿¨ÅÆ¼¼ÄÜµÈ¼¶ÅäÖÃ3,¿¨ÅÆID4,¿¨ÅÆ¼¼ÄÜµÈ¼¶ÅäÖÃ4,¿¨ÅÆID5,¿¨ÅÆ¼¼ÄÜµÈ¼¶ÅäÖÃ5,¿¨ÅÆID6,¿¨ÅÆ¼¼ÄÜµÈ¼¶ÅäÖÃ6
1,8,100,{id=231},{2313=1;2312=1;2311=1},{star=1;id=3561},{35613=1;35611=1;35612=1},{star=1;id=131},{1311=1;1313=1;1312=1},{star=1;id=81},{813=1;812=1;811=1},{},{},{},{}
2,8,100,{id=101},{1013=1;1011=1;1012=1},{star=1;id=891},{8911=1;8912=1;8913=1},{star=1;id=121},{1213=1;1211=1;1212=1},{star=1;id=71},{712=1;711=1;713=1},{},{},{},{}
3,8,100,{id=451},{4512=1;4511=1;4513=1},{star=1;id=1},{11=1;13=1;12=1},{star=1;id=2011},{20112=1;20111=1;20113=1},{star=1;id=231},{2313=1;2312=1;2311=1},{},{},{},{}
4,8,100,{id=51},{512=1;513=1;511=1},{star=1;id=301},{3013=1;3012=1;3011=1},{star=1;id=61},{613=1;612=1;611=1},{star=1;id=231},{2313=1;2312=1;2311=1},{},{},{},{}
5,8,100,{id=541},{5413=1;5411=1;5412=1},{star=1;id=81},{813=1;812=1;811=1},{star=1;id=121},{1213=1;1211=1;1212=1},{star=1;id=71},{712=1;711=1;713=1},{},{},{},{}
6,8,100,{id=451},{4512=1;4511=1;4513=1},{star=1;id=171},{1712=1;1713=1;1711=1},{star=1;id=71},{712=1;711=1;713=1},{star=1;id=2891},{28912=1;28911=1;28913=1},{},{},{},{}
7,8,100,{id=3561},{35613=1;35611=1;35612=1},{star=1;id=31},{311=1;313=1;312=1},{star=1;id=121},{1213=1;1211=1;1212=1},{star=1;id=51},{512=1;513=1;511=1},{},{},{},{}
8,8,100,{id=351},{3512=1;3513=1;3511=1},{star=1;id=891},{8911=1;8912=1;8913=1},{star=1;id=2011},{20112=1;20111=1;20113=1},{star=1;id=61},{613=1;612=1;611=1},{},{},{},{}
9,8,100,{id=11},{112=1;111=1;113=1},{star=1;id=131},{1311=1;1313=1;1312=1},{star=1;id=81},{813=1;812=1;811=1},{star=1;id=891},{8911=1;8912=1;8913=1},{},{},{},{}
10,8,100,{id=11},{112=1;111=1;113=1},{star=1;id=191},{1911=1;1912=1;1913=1},{star=1;id=781},{7811=1;7812=1;7813=1},{star=1;id=1351},{13511=1;13513=1;13512=1},{},{},{},{}
11,8,100,{id=351},{3512=1;3513=1;3511=1},{star=1;id=81},{813=1;812=1;811=1},{star=1;id=111},{1113=1;1111=1;1112=1},{star=1;id=541},{5413=1;5411=1;5412=1},{},{},{},{}
12,8,100,{id=11},{112=1;111=1;113=1},{star=1;id=61},{613=1;612=1;611=1},{star=1;id=171},{1712=1;1713=1;1711=1},{star=1;id=131},{1311=1;1313=1;1312=1},{},{},{},{}
13,8,100,{id=121},{1213=1;1211=1;1212=1},{star=1;id=81},{813=1;812=1;811=1},{star=1;id=1611},{16113=1;16111=1;16112=1},{star=1;id=191},{1911=1;1912=1;1913=1},{},{},{},{}
14,8,100,{id=451},{4512=1;4511=1;4513=1},{star=1;id=1},{11=1;13=1;12=1},{star=1;id=1611},{16113=1;16111=1;16112=1},{star=1;id=121},{1213=1;1211=1;1212=1},{},{},{},{}
15,8,100,{id=391},{3912=1;3913=1;3911=1},{star=1;id=891},{8911=1;8912=1;8913=1},{star=1;id=71},{712=1;711=1;713=1},{star=1;id=2071},{20712=1;20713=1;20711=1},{},{},{},{}
16,8,100,{id=2891},{28912=1;28911=1;28913=1},{star=1;id=121},{1213=1;1211=1;1212=1},{star=1;id=541},{5413=1;5411=1;5412=1},{star=1;id=101},{1013=1;1011=1;1012=1},{},{},{},{}
17,8,100,{id=11},{112=1;111=1;113=1},{star=1;id=111},{1113=1;1111=1;1112=1},{star=1;id=2011},{20112=1;20111=1;20113=1},{star=1;id=131},{1311=1;1313=1;1312=1},{},{},{},{}
18,8,100,{id=3561},{35613=1;35611=1;35612=1},{star=1;id=71},{712=1;711=1;713=1},{star=1;id=61},{613=1;612=1;611=1},{star=1;id=51},{512=1;513=1;511=1},{},{},{},{}
19,8,100,{id=171},{1712=1;1713=1;1711=1},{star=1;id=461},{4612=1;4611=1;4613=1},{star=1;id=891},{8911=1;8912=1;8913=1},{star=1;id=2071},{20712=1;20713=1;20711=1},{},{},{},{}
20,8,100,{id=41},{411=1;412=1;413=1},{star=1;id=171},{1712=1;1713=1;1711=1},{star=1;id=2011},{20112=1;20111=1;20113=1},{star=1;id=191},{1911=1;1912=1;1913=1},{},{},{},{}
21,8,100,{id=131},{1311=3;1313=3;1312=3},{star=1;id=1351},{13511=3;13513=3;13512=3},{star=1;id=351},{3512=3;3513=3;3511=3},{star=1;id=171},{1712=3;1713=3;1711=3},{},{},{},{}
22,8,100,{id=31},{311=3;313=3;312=3},{star=1;id=1351},{13511=3;13513=3;13512=3},{star=1;id=3561},{35613=3;35611=3;35612=3},{star=1;id=51},{512=3;513=3;511=3},{},{},{},{}
23,8,100,{id=71},{712=3;711=3;713=3},{star=1;id=1},{11=3;13=3;12=3},{star=1;id=81},{813=3;812=3;811=3},{star=1;id=41},{411=3;412=3;413=3},{},{},{},{}
24,8,100,{id=81},{813=3;812=3;811=3},{star=1;id=461},{4612=3;4611=3;4613=3},{star=1;id=61},{613=3;612=3;611=3},{star=1;id=171},{1712=3;1713=3;1711=3},{},{},{},{}
25,8,100,{id=11},{112=3;111=3;113=3},{star=1;id=171},{1712=3;1713=3;1711=3},{star=1;id=81},{813=3;812=3;811=3},{star=1;id=131},{1311=3;1313=3;1312=3},{},{},{},{}
26,8,100,{id=131},{1311=3;1313=3;1312=3},{star=1;id=31},{311=3;313=3;312=3},{star=1;id=461},{4612=3;4611=3;4613=3},{star=1;id=41},{411=3;412=3;413=3},{},{},{},{}
27,8,100,{id=111},{1113=3;1111=3;1112=3},{star=1;id=1},{11=3;13=3;12=3},{star=1;id=781},{7811=3;7812=3;7813=3},{star=1;id=351},{3512=3;3513=3;3511=3},{},{},{},{}
28,8,100,{id=171},{1712=3;1713=3;1711=3},{star=1;id=111},{1113=3;1111=3;1112=3},{star=1;id=121},{1213=3;1211=3;1212=3},{star=1;id=1351},{13511=3;13513=3;13512=3},{},{},{},{}
29,8,100,{id=461},{4612=3;4611=3;4613=3},{star=1;id=81},{813=3;812=3;811=3},{star=1;id=351},{3512=3;3513=3;3511=3},{star=1;id=891},{8911=3;8912=3;8913=3},{},{},{},{}
30,8,100,{id=461},{4612=3;4611=3;4613=3},{star=1;id=171},{1712=3;1713=3;1711=3},{star=1;id=1611},{16113=3;16111=3;16112=3},{star=1;id=111},{1113=3;1111=3;1112=3},{},{},{},{}
31,8,100,{id=891},{8911=3;8912=3;8913=3},{star=1;id=171},{1712=3;1713=3;1711=3},{star=1;id=131},{1311=3;1313=3;1312=3},{star=1;id=121},{1213=3;1211=3;1212=3},{},{},{},{}
32,8,100,{id=471},{4713=3;4711=3;4712=3},{star=1;id=891},{8911=3;8912=3;8913=3},{star=1;id=1351},{13511=3;13513=3;13512=3},{star=1;id=351},{3512=3;3513=3;3511=3},{},{},{},{}
33,8,100,{id=891},{8911=3;8912=3;8913=3},{star=1;id=41},{411=3;412=3;413=3},{star=1;id=2011},{20112=3;20111=3;20113=3},{star=1;id=51},{512=3;513=3;511=3},{},{},{},{}
34,8,100,{id=171},{1712=3;1713=3;1711=3},{star=1;id=301},{3013=3;3012=3;3011=3},{star=1;id=61},{613=3;612=3;611=3},{star=1;id=3561},{35613=3;35611=3;35612=3},{},{},{},{}
35,8,100,{id=61},{613=3;612=3;611=3},{star=1;id=171},{1712=3;1713=3;1711=3},{star=1;id=461},{4612=3;4611=3;4613=3},{star=1;id=541},{5413=3;5411=3;5412=3},{},{},{},{}
36,8,100,{id=11},{112=3;111=3;113=3},{star=1;id=1},{11=3;13=3;12=3},{star=1;id=61},{613=3;612=3;611=3},{star=1;id=121},{1213=3;1211=3;1212=3},{},{},{},{}
37,8,100,{id=101},{1013=3;1011=3;1012=3},{star=1;id=171},{1712=3;1713=3;1711=3},{star=1;id=71},{712=3;711=3;713=3},{star=1;id=351},{3512=3;3513=3;3511=3},{},{},{},{}
38,8,100,{id=451},{4512=3;4511=3;4513=3},{star=1;id=541},{5413=3;5411=3;5412=3},{star=1;id=461},{4612=3;4611=3;4613=3},{star=1;id=51},{512=3;513=3;511=3},{},{},{},{}
39,8,100,{id=111},{1113=3;1111=3;1112=3},{star=1;id=81},{813=3;812=3;811=3},{star=1;id=171},{1712=3;1713=3;1711=3},{star=1;id=51},{512=3;513=3;511=3},{},{},{},{}
40,8,100,{id=541},{5413=3;5411=3;5412=3},{star=1;id=171},{1712=3;1713=3;1711=3},{star=1;id=3561},{35613=3;35611=3;35612=3},{star=1;id=131},{1311=3;1313=3;1312=3},{},{},{},{}
41,8,100,{id=131},{1311=5;1313=5;1312=5},{star=1;id=301},{3013=5;3012=5;3011=5},{star=1;id=231},{2313=5;2312=5;2311=5},{star=1;id=3561},{35613=5;35611=5;35612=5},{},{},{},{}
42,8,100,{id=111},{1113=5;1111=5;1112=5},{star=1;id=171},{1712=5;1713=5;1711=5},{star=1;id=2011},{20112=5;20111=5;20113=5},{star=1;id=891},{8911=5;8912=5;8913=5},{},{},{},{}
43,8,100,{id=541},{5413=5;5411=5;5412=5},{star=1;id=1351},{13511=5;13513=5;13512=5},{star=1;id=171},{1712=5;1713=5;1711=5},{star=1;id=2891},{28912=5;28911=5;28913=5},{},{},{},{}
44,8,100,{id=121},{1213=5;1211=5;1212=5},{star=1;id=231},{2313=5;2312=5;2311=5},{star=1;id=541},{5413=5;5411=5;5412=5},{star=1;id=461},{4612=5;4611=5;4613=5},{},{},{},{}
45,8,100,{id=1351},{13511=5;13513=5;13512=5},{star=1;id=81},{813=5;812=5;811=5},{star=1;id=891},{8911=5;8912=5;8913=5},{star=1;id=51},{512=5;513=5;511=5},{},{},{},{}
46,8,100,{id=171},{1712=5;1713=5;1711=5},{star=1;id=1351},{13511=5;13513=5;13512=5},{star=1;id=451},{4512=5;4511=5;4513=5},{star=1;id=191},{1911=5;1912=5;1913=5},{},{},{},{}
47,8,100,{id=41},{411=5;412=5;413=5},{star=1;id=171},{1712=5;1713=5;1711=5},{star=1;id=31},{311=5;313=5;312=5},{star=1;id=1351},{13511=5;13513=5;13512=5},{},{},{},{}
48,8,100,{id=191},{1911=5;1912=5;1913=5},{star=1;id=301},{3013=5;3012=5;3011=5},{star=1;id=3561},{35613=5;35611=5;35612=5},{star=1;id=131},{1311=5;1313=5;1312=5},{},{},{},{}
49,8,100,{id=71},{712=5;711=5;713=5},{star=1;id=111},{1113=5;1111=5;1112=5},{star=1;id=121},{1213=5;1211=5;1212=5},{star=1;id=191},{1911=5;1912=5;1913=5},{},{},{},{}
50,8,100,{id=11},{112=5;111=5;113=5},{star=1;id=461},{4612=5;4611=5;4613=5},{star=1;id=781},{7811=5;7812=5;7813=5},{star=1;id=1351},{13511=5;13513=5;13512=5},{},{},{},{}
51,8,100,{id=801},{8011=5;8013=5;8012=5},{star=1;id=461},{4612=5;4611=5;4613=5},{star=1;id=41},{411=5;412=5;413=5},{star=1;id=61},{613=5;612=5;611=5},{},{},{},{}
52,8,100,{id=71},{712=5;711=5;713=5},{star=1;id=541},{5413=5;5411=5;5412=5},{star=1;id=1351},{13511=5;13513=5;13512=5},{star=1;id=171},{1712=5;1713=5;1711=5},{},{},{},{}
53,8,100,{id=121},{1213=5;1211=5;1212=5},{star=1;id=541},{5413=5;5411=5;5412=5},{star=1;id=101},{1013=5;1011=5;1012=5},{star=1;id=461},{4612=5;4611=5;4613=5},{},{},{},{}
54,8,100,{id=3561},{35613=5;35611=5;35612=5},{star=1;id=101},{1013=5;1011=5;1012=5},{star=1;id=1611},{16113=5;16111=5;16112=5},{star=1;id=541},{5413=5;5411=5;5412=5},{},{},{},{}
55,8,100,{id=231},{2313=5;2312=5;2311=5},{star=1;id=71},{712=5;711=5;713=5},{star=1;id=121},{1213=5;1211=5;1212=5},{star=1;id=891},{8911=5;8912=5;8913=5},{},{},{},{}
56,8,100,{id=451},{4512=5;4511=5;4513=5},{star=1;id=111},{1113=5;1111=5;1112=5},{star=1;id=231},{2313=5;2312=5;2311=5},{star=1;id=3561},{35613=5;35611=5;35612=5},{},{},{},{}
57,8,100,{id=451},{4512=5;4511=5;4513=5},{star=1;id=3561},{35613=5;35611=5;35612=5},{star=1;id=101},{1013=5;1011=5;1012=5},{star=1;id=71},{712=5;711=5;713=5},{},{},{},{}
58,8,100,{id=451},{4512=5;4511=5;4513=5},{star=1;id=301},{3013=5;3012=5;3011=5},{star=1;id=191},{1911=5;1912=5;1913=5},{star=1;id=2891},{28912=5;28911=5;28913=5},{},{},{},{}
59,8,100,{id=891},{8911=5;8912=5;8913=5},{star=1;id=3561},{35613=5;35611=5;35612=5},{star=1;id=81},{813=5;812=5;811=5},{star=1;id=71},{712=5;711=5;713=5},{},{},{},{}
60,8,100,{id=81},{813=5;812=5;811=5},{star=1;id=61},{613=5;612=5;611=5},{star=1;id=71},{712=5;711=5;713=5},{star=1;id=451},{4512=5;4511=5;4513=5},{},{},{},{}
61,15,100,{id=541},{5413=7;5411=7;5412=7},{star=2;id=131},{1311=7;1313=7;1312=7},{star=2;id=451},{4512=7;4511=7;4513=7},{star=2;id=1351},{13511=7;13513=7;13512=7},{},{},{},{}
62,15,100,{id=551},{5512=7;5511=7;5513=7},{star=2;id=301},{3013=7;3012=7;3011=7},{star=2;id=541},{5413=7;5411=7;5412=7},{star=2;id=891},{8911=7;8912=7;8913=7},{},{},{},{}
63,15,100,{id=3561},{35613=7;35611=7;35612=7},{star=2;id=111},{1113=7;1111=7;1112=7},{star=2;id=2891},{28912=7;28911=7;28913=7},{star=2;id=81},{813=7;812=7;811=7},{},{},{},{}
64,15,100,{id=131},{1311=7;1313=7;1312=7},{star=2;id=101},{1013=7;1011=7;1012=7},{star=2;id=41},{411=7;412=7;413=7},{star=2;id=451},{4512=7;4511=7;4513=7},{},{},{},{}
65,15,100,{id=111},{1113=7;1111=7;1112=7},{star=2;id=61},{613=7;612=7;611=7},{star=2;id=121},{1213=7;1211=7;1212=7},{star=2;id=101},{1013=7;1011=7;1012=7},{},{},{},{}
66,15,100,{id=11},{112=7;111=7;113=7},{star=2;id=2891},{28912=7;28911=7;28913=7},{star=2;id=1351},{13511=7;13513=7;13512=7},{star=2;id=171},{1712=7;1713=7;1711=7},{},{},{},{}
67,15,100,{id=71},{712=7;711=7;713=7},{star=2;id=81},{813=7;812=7;811=7},{star=2;id=1351},{13511=7;13513=7;13512=7},{star=2;id=461},{4612=7;4611=7;4613=7},{},{},{},{}
68,15,100,{id=451},{4512=7;4511=7;4513=7},{star=2;id=31},{311=7;313=7;312=7},{star=2;id=101},{1013=7;1011=7;1012=7},{star=2;id=131},{1311=7;1313=7;1312=7},{},{},{},{}
69,15,100,{id=351},{3512=7;3513=7;3511=7},{star=2;id=3561},{35613=7;35611=7;35612=7},{star=2;id=131},{1311=7;1313=7;1312=7},{star=2;id=121},{1213=7;1211=7;1212=7},{},{},{},{}
70,15,100,{id=231},{2313=7;2312=7;2311=7},{star=2;id=101},{1013=7;1011=7;1012=7},{star=2;id=191},{1911=7;1912=7;1913=7},{star=2;id=111},{1113=7;1111=7;1112=7},{},{},{},{}
71,15,100,{id=1351},{13511=7;13513=7;13512=7},{star=2;id=111},{1113=7;1111=7;1112=7},{star=2;id=2011},{20112=7;20111=7;20113=7},{star=2;id=461},{4612=7;4611=7;4613=7},{},{},{},{}
72,15,100,{id=451},{4512=7;4511=7;4513=7},{star=2;id=71},{712=7;711=7;713=7},{star=2;id=541},{5413=7;5411=7;5412=7},{star=2;id=81},{813=7;812=7;811=7},{},{},{},{}
73,15,100,{id=3561},{35613=7;35611=7;35612=7},{star=2;id=301},{3013=7;3012=7;3011=7},{star=2;id=2011},{20112=7;20111=7;20113=7},{star=2;id=41},{411=7;412=7;413=7},{},{},{},{}
74,15,100,{id=91},{912=7;911=7;913=7},{star=2;id=301},{3013=7;3012=7;3011=7},{star=2;id=121},{1213=7;1211=7;1212=7},{star=2;id=41},{411=7;412=7;413=7},{},{},{},{}
75,15,100,{id=231},{2313=7;2312=7;2311=7},{star=2;id=121},{1213=7;1211=7;1212=7},{star=2;id=541},{5413=7;5411=7;5412=7},{star=2;id=171},{1712=7;1713=7;1711=7},{},{},{},{}
76,15,100,{id=451},{4512=7;4511=7;4513=7},{star=2;id=111},{1113=7;1111=7;1112=7},{star=2;id=231},{2313=7;2312=7;2311=7},{star=2;id=41},{411=7;412=7;413=7},{},{},{},{}
77,15,100,{id=171},{1712=7;1713=7;1711=7},{star=2;id=451},{4512=7;4511=7;4513=7},{star=2;id=1351},{13511=7;13513=7;13512=7},{star=2;id=2071},{20712=7;20713=7;20711=7},{},{},{},{}
78,15,100,{id=891},{8911=7;8912=7;8913=7},{star=2;id=111},{1113=7;1111=7;1112=7},{star=2;id=191},{1911=7;1912=7;1913=7},{star=2;id=231},{2313=7;2312=7;2311=7},{},{},{},{}
79,15,100,{id=11},{112=7;111=7;113=7},{star=2;id=451},{4512=7;4511=7;4513=7},{star=2;id=461},{4612=7;4611=7;4613=7},{star=2;id=131},{1311=7;1313=7;1312=7},{},{},{},{}
80,15,100,{id=61},{613=7;612=7;611=7},{star=2;id=81},{813=7;812=7;811=7},{star=2;id=111},{1113=7;1111=7;1112=7},{star=2;id=1351},{13511=7;13513=7;13512=7},{},{},{},{}
81,15,100,{id=191},{1911=9;1912=9;1913=9},{star=2;id=81},{813=9;812=9;811=9},{star=2;id=351},{3512=9;3513=9;3511=9},{star=2;id=1351},{13511=9;13513=9;13512=9},{},{},{},{}
82,15,100,{id=31},{311=9;313=9;312=9},{star=2;id=301},{3013=9;3012=9;3011=9},{star=2;id=101},{1013=9;1011=9;1012=9},{star=2;id=51},{512=9;513=9;511=9},{},{},{},{}
83,15,100,{id=11},{112=9;111=9;113=9},{star=2;id=891},{8911=9;8912=9;8913=9},{star=2;id=3561},{35613=9;35611=9;35612=9},{star=2;id=171},{1712=9;1713=9;1711=9},{},{},{},{}
84,15,100,{id=781},{7811=9;7812=9;7813=9},{star=2;id=61},{613=9;612=9;611=9},{star=2;id=101},{1013=9;1011=9;1012=9},{star=2;id=131},{1311=9;1313=9;1312=9},{},{},{},{}
85,15,100,{id=81},{813=9;812=9;811=9},{star=2;id=351},{3512=9;3513=9;3511=9},{star=2;id=1611},{16113=9;16111=9;16112=9},{star=2;id=111},{1113=9;1111=9;1112=9},{},{},{},{}
86,15,100,{id=11},{112=9;111=9;113=9},{star=2;id=31},{311=9;313=9;312=9},{star=2;id=121},{1213=9;1211=9;1212=9},{star=2;id=191},{1911=9;1912=9;1913=9},{},{},{},{}
87,15,100,{id=351},{3512=9;3513=9;3511=9},{star=2;id=2891},{28912=9;28911=9;28913=9},{star=2;id=191},{1911=9;1912=9;1913=9},{star=2;id=3561},{35613=9;35611=9;35612=9},{},{},{},{}
88,15,100,{id=2481},{24813=9;24811=9;24812=9},{star=2;id=3561},{35613=9;35611=9;35612=9},{star=2;id=191},{1911=9;1912=9;1913=9},{star=2;id=2891},{28912=9;28911=9;28913=9},{},{},{},{}
89,15,100,{id=11},{112=9;111=9;113=9},{star=2;id=121},{1213=9;1211=9;1212=9},{star=2;id=231},{2313=9;2312=9;2311=9},{star=2;id=461},{4612=9;4611=9;4613=9},{},{},{},{}
90,15,100,{id=171},{1712=9;1713=9;1711=9},{star=2;id=301},{3013=9;3012=9;3011=9},{star=2;id=111},{1113=9;1111=9;1112=9},{star=2;id=31},{311=9;313=9;312=9},{},{},{},{}
91,15,100,{id=1351},{13511=9;13513=9;13512=9},{star=2;id=3561},{35613=9;35611=9;35612=9},{star=2;id=111},{1113=9;1111=9;1112=9},{star=2;id=891},{8911=9;8912=9;8913=9},{},{},{},{}
92,15,100,{id=171},{1712=9;1713=9;1711=9},{star=2;id=61},{613=9;612=9;611=9},{star=2;id=1611},{16113=9;16111=9;16112=9},{star=2;id=541},{5413=9;5411=9;5412=9},{},{},{},{}
93,15,100,{id=191},{1911=9;1912=9;1913=9},{star=2;id=171},{1712=9;1713=9;1711=9},{star=2;id=81},{813=9;812=9;811=9},{star=2;id=1351},{13511=9;13513=9;13512=9},{},{},{},{}
94,15,100,{id=11},{112=9;111=9;113=9},{star=2;id=891},{8911=9;8912=9;8913=9},{star=2;id=2011},{20112=9;20111=9;20113=9},{star=2;id=171},{1712=9;1713=9;1711=9},{},{},{},{}
95,15,100,{id=11},{112=9;111=9;113=9},{star=2;id=171},{1712=9;1713=9;1711=9},{star=2;id=781},{7811=9;7812=9;7813=9},{star=2;id=71},{712=9;711=9;713=9},{},{},{},{}
96,15,100,{id=11},{112=9;111=9;113=9},{star=2;id=351},{3512=9;3513=9;3511=9},{star=2;id=171},{1712=9;1713=9;1711=9},{star=2;id=81},{813=9;812=9;811=9},{},{},{},{}
97,15,100,{id=801},{8011=9;8013=9;8012=9},{star=2;id=391},{3912=9;3913=9;3911=9},{star=2;id=61},{613=9;612=9;611=9},{star=2;id=131},{1311=9;1313=9;1312=9},{},{},{},{}
98,15,100,{id=11},{112=9;111=9;113=9},{star=2;id=891},{8911=9;8912=9;8913=9},{star=2;id=2011},{20112=9;20111=9;20113=9},{star=2;id=171},{1712=9;1713=9;1711=9},{},{},{},{}
99,15,100,{id=81},{813=9;812=9;811=9},{star=2;id=1351},{13511=9;13513=9;13512=9},{star=2;id=1611},{16113=9;16111=9;16112=9},{star=2;id=171},{1712=9;1713=9;1711=9},{},{},{},{}
100,15,100,{id=131},{1311=9;1313=9;1312=9},{star=2;id=111},{1113=9;1111=9;1112=9},{star=2;id=31},{311=9;313=9;312=9},{star=2;id=461},{4612=9;4611=9;4613=9},{},{},{},{}
101,15,100,{id=3561},{35613=11;35611=11;35612=11},{star=2;id=451},{4512=11;4511=11;4513=11},{star=2;id=31},{311=11;313=11;312=11},{star=2;id=351},{3512=11;3513=11;3511=11},{},{},{},{}
102,15,100,{id=31},{311=11;313=11;312=11},{star=2;id=101},{1013=11;1011=11;1012=11},{star=2;id=461},{4612=11;4611=11;4613=11},{star=2;id=1351},{13511=11;13513=11;13512=11},{},{},{},{}
103,15,100,{id=2071},{20712=11;20713=11;20711=11},{star=2;id=301},{3013=11;3012=11;3011=11},{star=2;id=451},{4512=11;4511=11;4513=11},{star=2;id=121},{1213=11;1211=11;1212=11},{},{},{},{}
104,15,100,{id=2631},{26312=11;26311=11;26313=11},{star=2;id=891},{8911=11;8912=11;8913=11},{star=2;id=171},{1712=11;1713=11;1711=11},{star=2;id=81},{813=11;812=11;811=11},{},{},{},{}
105,15,100,{id=121},{1213=11;1211=11;1212=11},{star=2;id=171},{1712=11;1713=11;1711=11},{star=2;id=1611},{16113=11;16111=11;16112=11},{star=2;id=111},{1113=11;1111=11;1112=11},{},{},{},{}
106,15,100,{id=121},{1213=11;1211=11;1212=11},{star=2;id=301},{3013=11;3012=11;3011=11},{star=2;id=101},{1013=11;1011=11;1012=11},{star=2;id=31},{311=11;313=11;312=11},{},{},{},{}
107,15,100,{id=351},{3512=11;3513=11;3511=11},{star=2;id=231},{2313=11;2312=11;2311=11},{star=2;id=3561},{35613=11;35611=11;35612=11},{star=2;id=891},{8911=11;8912=11;8913=11},{},{},{},{}
108,15,100,{id=81},{813=11;812=11;811=11},{star=2;id=451},{4512=11;4511=11;4513=11},{star=2;id=231},{2313=11;2312=11;2311=11},{star=2;id=51},{512=11;513=11;511=11},{},{},{},{}
109,15,100,{id=451},{4512=11;4511=11;4513=11},{star=2;id=231},{2313=11;2312=11;2311=11},{star=2;id=2011},{20112=11;20111=11;20113=11},{star=2;id=171},{1712=11;1713=11;1711=11},{},{},{},{}
110,15,100,{id=121},{1213=11;1211=11;1212=11},{star=2;id=1351},{13511=11;13513=11;13512=11},{star=2;id=2011},{20112=11;20111=11;20113=11},{star=2;id=2891},{28912=11;28911=11;28913=11},{},{},{},{}
111,15,100,{id=131},{1311=11;1313=11;1312=11},{star=2;id=1},{11=11;13=11;12=11},{star=2;id=31},{311=11;313=11;312=11},{star=2;id=3561},{35613=11;35611=11;35612=11},{},{},{},{}
112,15,100,{id=461},{4612=11;4611=11;4613=11},{star=2;id=301},{3013=11;3012=11;3011=11},{star=2;id=351},{3512=11;3513=11;3511=11},{star=2;id=71},{712=11;711=11;713=11},{},{},{},{}
113,15,100,{id=3011},{30113=11;30111=11;30112=11},{star=2;id=31},{311=11;313=11;312=11},{star=2;id=231},{2313=11;2312=11;2311=11},{star=2;id=191},{1911=11;1912=11;1913=11},{},{},{},{}
114,15,100,{id=111},{1113=11;1111=11;1112=11},{star=2;id=2891},{28912=11;28911=11;28913=11},{star=2;id=101},{1013=11;1011=11;1012=11},{star=2;id=451},{4512=11;4511=11;4513=11},{},{},{},{}
115,15,100,{id=351},{3512=11;3513=11;3511=11},{star=2;id=131},{1311=11;1313=11;1312=11},{star=2;id=81},{813=11;812=11;811=11},{star=2;id=2071},{20712=11;20713=11;20711=11},{},{},{},{}
116,15,100,{id=61},{613=11;612=11;611=11},{star=2;id=111},{1113=11;1111=11;1112=11},{star=2;id=891},{8911=11;8912=11;8913=11},{star=2;id=121},{1213=11;1211=11;1212=11},{},{},{},{}
117,15,100,{id=3431},{34312=11;34313=11;34311=11},{star=2;id=121},{1213=11;1211=11;1212=11},{star=2;id=351},{3512=11;3513=11;3511=11},{star=2;id=461},{4612=11;4611=11;4613=11},{},{},{},{}
118,15,100,{id=891},{8911=11;8912=11;8913=11},{star=2;id=171},{1712=11;1713=11;1711=11},{star=2;id=1351},{13511=11;13513=11;13512=11},{star=2;id=461},{4612=11;4611=11;4613=11},{},{},{},{}
119,15,100,{id=11},{112=11;111=11;113=11},{star=2;id=541},{5413=11;5411=11;5412=11},{star=2;id=111},{1113=11;1111=11;1112=11},{star=2;id=171},{1712=11;1713=11;1711=11},{},{},{},{}
120,15,100,{id=891},{8911=11;8912=11;8913=11},{star=2;id=71},{712=11;711=11;713=11},{star=2;id=1351},{13511=11;13513=11;13512=11},{star=2;id=171},{1712=11;1713=11;1711=11},{},{},{},{}
121,20,100,{id=3291},{32912=13;32911=13;32913=13},{star=3;id=371},{3712=13;3711=13;3713=13},{star=3;id=2301},{23012=13;23011=13;23013=13},{star=3;id=2071},{20712=13;20713=13;20711=13},{star=3;id=491},{4913=13;4911=13;4912=13},{},{}
122,20,100,{id=781},{7811=13;7812=13;7813=13},{star=3;id=3281},{32812=13;32811=13;32813=13},{star=3;id=461},{4612=13;4611=13;4613=13},{star=3;id=21},{212=13;211=13;213=13},{star=3;id=11},{112=13;111=13;113=13},{},{}
123,20,100,{id=781},{7811=13;7812=13;7813=13},{star=3;id=1861},{18612=13;18611=13;18613=13},{star=3;id=2481},{24813=13;24811=13;24812=13},{star=3;id=2961},{29612=13;29611=13;29613=13},{star=3;id=1},{11=13;13=13;12=13},{},{}
124,20,100,{id=2591},{25911=13;25912=13;25913=13},{star=3;id=11},{112=13;111=13;113=13},{star=3;id=1171},{11712=13;11713=13;11711=13},{star=3;id=781},{7811=13;7812=13;7813=13},{star=3;id=91},{912=13;911=13;913=13},{},{}
125,20,100,{id=781},{7811=13;7812=13;7813=13},{star=3;id=2071},{20712=13;20713=13;20711=13},{star=3;id=2611},{26113=13;26111=13;26112=13},{star=3;id=371},{3712=13;3711=13;3713=13},{star=3;id=2821},{28211=13;28212=13;28213=13},{},{}
126,20,100,{id=2011},{20112=13;20111=13;20113=13},{star=3;id=2681},{26811=13;26812=13;26813=13},{star=3;id=691},{6912=13;6913=13;6911=13},{star=3;id=3411},{34113=13;34111=13;34112=13},{star=3;id=3291},{32912=13;32911=13;32913=13},{},{}
127,20,100,{id=2271},{22712=13;22711=13;22713=13},{star=3;id=2871},{28712=13;28713=13;28711=13},{star=3;id=2611},{26113=13;26111=13;26112=13},{star=3;id=2921},{29212=13;29211=13;29213=13},{star=3;id=491},{4913=13;4911=13;4912=13},{},{}
128,20,100,{id=2871},{28712=13;28713=13;28711=13},{star=3;id=2071},{20712=13;20713=13;20711=13},{star=3;id=3281},{32812=13;32811=13;32813=13},{star=3;id=3471},{34711=13;34713=13;34712=13},{star=3;id=371},{3712=13;3711=13;3713=13},{},{}
129,20,100,{id=2961},{29612=13;29611=13;29613=13},{star=3;id=2271},{22712=13;22711=13;22713=13},{star=3;id=3281},{32812=13;32811=13;32813=13},{star=3;id=691},{6912=13;6913=13;6911=13},{star=3;id=801},{8011=13;8013=13;8012=13},{},{}
130,20,100,{id=2071},{20712=13;20713=13;20711=13},{star=3;id=2961},{29612=13;29611=13;29613=13},{star=3;id=781},{7811=13;7812=13;7813=13},{star=3;id=281},{2813=13;2811=13;2812=13},{star=3;id=2681},{26811=13;26812=13;26813=13},{},{}
131,20,100,{id=2591},{25911=13;25912=13;25913=13},{star=3;id=2921},{29212=13;29211=13;29213=13},{star=3;id=3471},{34711=13;34713=13;34712=13},{star=3;id=3411},{34113=13;34111=13;34112=13},{star=3;id=3011},{30113=13;30111=13;30112=13},{},{}
132,20,100,{id=2871},{28712=13;28713=13;28711=13},{star=3;id=781},{7811=13;7812=13;7813=13},{star=3;id=301},{3013=13;3012=13;3011=13},{star=3;id=1171},{11712=13;11713=13;11711=13},{star=3;id=1861},{18612=13;18611=13;18613=13},{},{}
133,20,100,{id=3341},{33412=13;33413=13;33411=13},{star=3;id=3501},{35012=13;35011=13;35013=13},{star=3;id=791},{7912=13;7913=13;7911=13},{star=3;id=1841},{18411=13;18413=13;18412=13},{star=3;id=471},{4713=13;4711=13;4712=13},{},{}
134,20,100,{id=2071},{20712=13;20713=13;20711=13},{star=3;id=371},{3712=13;3711=13;3713=13},{star=3;id=271},{2713=13;2712=13;2711=13},{star=3;id=471},{4713=13;4711=13;4712=13},{star=3;id=2961},{29612=13;29611=13;29613=13},{},{}
135,20,100,{id=3291},{32912=13;32911=13;32913=13},{star=3;id=1611},{16113=13;16111=13;16112=13},{star=3;id=3011},{30113=13;30111=13;30112=13},{star=3;id=2481},{24813=13;24811=13;24812=13},{star=3;id=2011},{20112=13;20111=13;20113=13},{},{}
136,20,100,{id=801},{8011=13;8013=13;8012=13},{star=3;id=11},{112=13;111=13;113=13},{star=3;id=691},{6912=13;6913=13;6911=13},{star=3;id=2821},{28211=13;28212=13;28213=13},{star=3;id=2071},{20712=13;20713=13;20711=13},{},{}
137,20,100,{id=3281},{32812=13;32811=13;32813=13},{star=3;id=3011},{30113=13;30111=13;30112=13},{star=3;id=471},{4713=13;4711=13;4712=13},{star=3;id=2821},{28211=13;28212=13;28213=13},{star=3;id=3411},{34113=13;34111=13;34112=13},{},{}
138,20,100,{id=2921},{29212=13;29211=13;29213=13},{star=3;id=551},{5512=13;5511=13;5513=13},{star=3;id=2071},{20712=13;20713=13;20711=13},{star=3;id=2481},{24813=13;24811=13;24812=13},{star=3;id=491},{4913=13;4911=13;4912=13},{},{}
139,20,100,{id=1611},{16113=13;16111=13;16112=13},{star=3;id=2481},{24813=13;24811=13;24812=13},{star=3;id=3411},{34113=13;34111=13;34112=13},{star=3;id=2921},{29212=13;29211=13;29213=13},{star=3;id=281},{2813=13;2811=13;2812=13},{},{}
140,20,100,{id=781},{7811=13;7812=13;7813=13},{star=3;id=21},{212=13;211=13;213=13},{star=3;id=2301},{23012=13;23011=13;23013=13},{star=3;id=51},{512=13;513=13;511=13},{star=3;id=301},{3013=13;3012=13;3011=13},{},{}
141,20,100,{id=2011},{20112=15;20111=15;20113=15},{star=3;id=1441},{14411=15;14413=15;14412=15},{star=3;id=2871},{28712=15;28713=15;28711=15},{star=3;id=1},{11=15;13=15;12=15},{star=3;id=3281},{32812=15;32811=15;32813=15},{},{}
142,20,100,{id=51},{512=15;513=15;511=15},{star=3;id=271},{2713=15;2712=15;2711=15},{star=3;id=1861},{18612=15;18611=15;18613=15},{star=3;id=281},{2813=15;2811=15;2812=15},{star=3;id=3291},{32912=15;32911=15;32913=15},{},{}
143,20,100,{id=1171},{11712=15;11713=15;11711=15},{star=3;id=1441},{14411=15;14413=15;14412=15},{star=3;id=3281},{32812=15;32811=15;32813=15},{star=3;id=3011},{30113=15;30111=15;30112=15},{star=3;id=1611},{16113=15;16111=15;16112=15},{},{}
144,20,100,{id=2611},{26113=15;26111=15;26112=15},{star=3;id=281},{2813=15;2811=15;2812=15},{star=3;id=3341},{33412=15;33413=15;33411=15},{star=3;id=271},{2713=15;2712=15;2711=15},{star=3;id=551},{5512=15;5511=15;5513=15},{},{}
145,20,100,{id=281},{2813=15;2811=15;2812=15},{star=3;id=11},{112=15;111=15;113=15},{star=3;id=471},{4713=15;4711=15;4712=15},{star=3;id=2591},{25911=15;25912=15;25913=15},{star=3;id=3431},{34312=15;34313=15;34311=15},{},{}
146,20,100,{id=2871},{28712=15;28713=15;28711=15},{star=3;id=1171},{11712=15;11713=15;11711=15},{star=3;id=791},{7912=15;7913=15;7911=15},{star=3;id=781},{7811=15;7812=15;7813=15},{star=3;id=2681},{26811=15;26812=15;26813=15},{},{}
147,20,100,{id=3341},{33412=15;33413=15;33411=15},{star=3;id=21},{212=15;211=15;213=15},{star=3;id=271},{2713=15;2712=15;2711=15},{star=3;id=2921},{29212=15;29211=15;29213=15},{star=3;id=3431},{34312=15;34313=15;34311=15},{},{}
148,20,100,{id=2301},{23012=15;23011=15;23013=15},{star=3;id=2011},{20112=15;20111=15;20113=15},{star=3;id=2961},{29612=15;29611=15;29613=15},{star=3;id=2871},{28712=15;28713=15;28711=15},{star=3;id=3291},{32912=15;32911=15;32913=15},{},{}
149,20,100,{id=2481},{24813=15;24811=15;24812=15},{star=3;id=1441},{14411=15;14413=15;14412=15},{star=3;id=2591},{25911=15;25912=15;25913=15},{star=3;id=271},{2713=15;2712=15;2711=15},{star=3;id=2821},{28211=15;28212=15;28213=15},{},{}
150,20,100,{id=11},{112=15;111=15;113=15},{star=3;id=1611},{16113=15;16111=15;16112=15},{star=3;id=801},{8011=15;8013=15;8012=15},{star=3;id=281},{2813=15;2811=15;2812=15},{star=3;id=371},{3712=15;3711=15;3713=15},{},{}
151,20,100,{id=471},{4713=15;4711=15;4712=15},{star=3;id=2611},{26113=15;26111=15;26112=15},{star=3;id=3011},{30113=15;30111=15;30112=15},{star=3;id=91},{912=15;911=15;913=15},{star=3;id=2921},{29212=15;29211=15;29213=15},{},{}
152,20,100,{id=3471},{34711=15;34713=15;34712=15},{star=3;id=2871},{28712=15;28713=15;28711=15},{star=3;id=1611},{16113=15;16111=15;16112=15},{star=3;id=2071},{20712=15;20713=15;20711=15},{star=3;id=2631},{26312=15;26311=15;26313=15},{},{}
153,20,100,{id=3281},{32812=15;32811=15;32813=15},{star=3;id=281},{2813=15;2811=15;2812=15},{star=3;id=551},{5512=15;5511=15;5513=15},{star=3;id=781},{7811=15;7812=15;7813=15},{star=3;id=3411},{34113=15;34111=15;34112=15},{},{}
154,20,100,{id=2871},{28712=15;28713=15;28711=15},{star=3;id=1861},{18612=15;18611=15;18613=15},{star=3;id=1441},{14411=15;14413=15;14412=15},{star=3;id=2921},{29212=15;29211=15;29213=15},{star=3;id=1611},{16113=15;16111=15;16112=15},{},{}
155,20,100,{id=2271},{22712=15;22711=15;22713=15},{star=3;id=2681},{26811=15;26812=15;26813=15},{star=3;id=791},{7912=15;7913=15;7911=15},{star=3;id=2961},{29612=15;29611=15;29613=15},{star=3;id=301},{3013=15;3012=15;3011=15},{},{}
156,20,100,{id=2631},{26312=15;26311=15;26313=15},{star=3;id=781},{7811=15;7812=15;7813=15},{star=3;id=1611},{16113=15;16111=15;16112=15},{star=3;id=2921},{29212=15;29211=15;29213=15},{star=3;id=2681},{26811=15;26812=15;26813=15},{},{}
157,20,100,{id=3511},{35111=15;35113=15;35112=15},{star=3;id=801},{8011=15;8013=15;8012=15},{star=3;id=301},{3013=15;3012=15;3011=15},{star=3;id=481},{4811=15;4813=15;4812=15},{star=3;id=2071},{20712=15;20713=15;20711=15},{},{}
158,20,100,{id=3511},{35111=15;35113=15;35112=15},{star=3;id=2961},{29612=15;29611=15;29613=15},{star=3;id=3431},{34312=15;34313=15;34311=15},{star=3;id=1171},{11712=15;11713=15;11711=15},{star=3;id=1611},{16113=15;16111=15;16112=15},{},{}
159,20,100,{id=2921},{29212=15;29211=15;29213=15},{star=3;id=2681},{26811=15;26812=15;26813=15},{star=3;id=3341},{33412=15;33413=15;33411=15},{star=3;id=3281},{32812=15;32811=15;32813=15},{star=3;id=2071},{20712=15;20713=15;20711=15},{},{}
160,20,100,{id=281},{2813=15;2811=15;2812=15},{star=3;id=1841},{18411=15;18413=15;18412=15},{star=3;id=551},{5512=15;5511=15;5513=15},{star=3;id=301},{3013=15;3012=15;3011=15},{star=3;id=791},{7912=15;7913=15;7911=15},{},{}
161,20,100,{id=3511},{35111=17;35113=17;35112=17},{star=3;id=551},{5512=17;5511=17;5513=17},{star=3;id=2611},{26113=17;26111=17;26112=17},{star=3;id=2011},{20112=17;20111=17;20113=17},{star=3;id=1861},{18612=17;18611=17;18613=17},{},{}
162,20,100,{id=301},{3013=17;3012=17;3011=17},{star=3;id=1171},{11712=17;11713=17;11711=17},{star=3;id=281},{2813=17;2811=17;2812=17},{star=3;id=2481},{24813=17;24811=17;24812=17},{star=3;id=11},{112=17;111=17;113=17},{},{}
163,20,100,{id=2591},{25911=17;25912=17;25913=17},{star=3;id=791},{7912=17;7913=17;7911=17},{star=3;id=3021},{30211=17;30213=17;30212=17},{star=3;id=21},{212=17;211=17;213=17},{star=3;id=2011},{20112=17;20111=17;20113=17},{},{}
164,20,100,{id=3431},{34312=17;34313=17;34311=17},{star=3;id=3501},{35012=17;35011=17;35013=17},{star=3;id=2591},{25911=17;25912=17;25913=17},{star=3;id=2921},{29212=17;29211=17;29213=17},{star=3;id=2481},{24813=17;24811=17;24812=17},{},{}
165,20,100,{id=1861},{18612=17;18611=17;18613=17},{star=3;id=461},{4612=17;4611=17;4613=17},{star=3;id=11},{112=17;111=17;113=17},{star=3;id=2071},{20712=17;20713=17;20711=17},{star=3;id=301},{3013=17;3012=17;3011=17},{},{}
166,20,100,{id=1861},{18612=17;18611=17;18613=17},{star=3;id=2631},{26312=17;26311=17;26313=17},{star=3;id=491},{4913=17;4911=17;4912=17},{star=3;id=691},{6912=17;6913=17;6911=17},{star=3;id=91},{912=17;911=17;913=17},{},{}
167,20,100,{id=2301},{23012=17;23011=17;23013=17},{star=3;id=471},{4713=17;4711=17;4712=17},{star=3;id=2921},{29212=17;29211=17;29213=17},{star=3;id=2871},{28712=17;28713=17;28711=17},{star=3;id=781},{7811=17;7812=17;7813=17},{},{}
168,20,100,{id=1841},{18411=17;18413=17;18412=17},{star=3;id=2921},{29212=17;29211=17;29213=17},{star=3;id=1171},{11712=17;11713=17;11711=17},{star=3;id=461},{4612=17;4611=17;4613=17},{star=3;id=21},{212=17;211=17;213=17},{},{}
169,20,100,{id=491},{4913=17;4911=17;4912=17},{star=3;id=801},{8011=17;8013=17;8012=17},{star=3;id=2961},{29612=17;29611=17;29613=17},{star=3;id=3501},{35012=17;35011=17;35013=17},{star=3;id=2921},{29212=17;29211=17;29213=17},{},{}
170,20,100,{id=791},{7912=17;7913=17;7911=17},{star=3;id=21},{212=17;211=17;213=17},{star=3;id=2481},{24813=17;24811=17;24812=17},{star=3;id=1861},{18612=17;18611=17;18613=17},{star=3;id=2681},{26811=17;26812=17;26813=17},{},{}
171,20,100,{id=1171},{11712=17;11713=17;11711=17},{star=3;id=3021},{30211=17;30213=17;30212=17},{star=3;id=471},{4713=17;4711=17;4712=17},{star=3;id=21},{212=17;211=17;213=17},{star=3;id=1611},{16113=17;16111=17;16112=17},{},{}
172,20,100,{id=11},{112=17;111=17;113=17},{star=3;id=1},{11=17;13=17;12=17},{star=3;id=271},{2713=17;2712=17;2711=17},{star=3;id=3341},{33412=17;33413=17;33411=17},{star=3;id=2631},{26312=17;26311=17;26313=17},{},{}
173,20,100,{id=1861},{18612=17;18611=17;18613=17},{star=3;id=3431},{34312=17;34313=17;34311=17},{star=3;id=2011},{20112=17;20111=17;20113=17},{star=3;id=791},{7912=17;7913=17;7911=17},{star=3;id=2681},{26811=17;26812=17;26813=17},{},{}
174,20,100,{id=51},{512=17;513=17;511=17},{star=3;id=481},{4811=17;4813=17;4812=17},{star=3;id=1611},{16113=17;16111=17;16112=17},{star=3;id=2071},{20712=17;20713=17;20711=17},{star=3;id=11},{112=17;111=17;113=17},{},{}
175,20,100,{id=2481},{24813=17;24811=17;24812=17},{star=3;id=271},{2713=17;2712=17;2711=17},{star=3;id=2271},{22712=17;22711=17;22713=17},{star=3;id=691},{6912=17;6913=17;6911=17},{star=3;id=3411},{34113=17;34111=17;34112=17},{},{}
176,20,100,{id=371},{3712=17;3711=17;3713=17},{star=3;id=1441},{14411=17;14413=17;14412=17},{star=3;id=2591},{25911=17;25912=17;25913=17},{star=3;id=1171},{11712=17;11713=17;11711=17},{star=3;id=2481},{24813=17;24811=17;24812=17},{},{}
177,20,100,{id=3341},{33412=17;33413=17;33411=17},{star=3;id=801},{8011=17;8013=17;8012=17},{star=3;id=3011},{30113=17;30111=17;30112=17},{star=3;id=371},{3712=17;3711=17;3713=17},{star=3;id=691},{6912=17;6913=17;6911=17},{},{}
178,20,100,{id=91},{912=17;911=17;913=17},{star=3;id=3411},{34113=17;34111=17;34112=17},{star=3;id=3511},{35111=17;35113=17;35112=17},{star=3;id=51},{512=17;513=17;511=17},{star=3;id=1171},{11712=17;11713=17;11711=17},{},{}
179,20,100,{id=2631},{26312=17;26311=17;26313=17},{star=3;id=271},{2713=17;2712=17;2711=17},{star=3;id=1441},{14411=17;14413=17;14412=17},{star=3;id=281},{2813=17;2811=17;2812=17},{star=3;id=1171},{11712=17;11713=17;11711=17},{},{}
180,20,100,{id=3021},{30211=17;30213=17;30212=17},{star=3;id=2921},{29212=17;29211=17;29213=17},{star=3;id=1611},{16113=17;16111=17;16112=17},{star=3;id=2821},{28211=17;28212=17;28213=17},{star=3;id=2071},{20712=17;20713=17;20711=17},{},{}
181,20,100,{id=3471},{34711=19;34713=19;34712=19},{star=3;id=11},{112=19;111=19;113=19},{star=3;id=2271},{22712=19;22711=19;22713=19},{star=3;id=2921},{29212=19;29211=19;29213=19},{star=3;id=3291},{32912=19;32911=19;32913=19},{},{}
182,20,100,{id=551},{5512=19;5511=19;5513=19},{star=3;id=3411},{34113=19;34111=19;34112=19},{star=3;id=281},{2813=19;2811=19;2812=19},{star=3;id=691},{6912=19;6913=19;6911=19},{star=3;id=2071},{20712=19;20713=19;20711=19},{},{}
183,20,100,{id=551},{5512=19;5511=19;5513=19},{star=3;id=1441},{14411=19;14413=19;14412=19},{star=3;id=801},{8011=19;8013=19;8012=19},{star=3;id=3021},{30211=19;30213=19;30212=19},{star=3;id=3471},{34711=19;34713=19;34712=19},{},{}
184,20,100,{id=2961},{29612=19;29611=19;29613=19},{star=3;id=51},{512=19;513=19;511=19},{star=3;id=461},{4612=19;4611=19;4613=19},{star=3;id=551},{5512=19;5511=19;5513=19},{star=3;id=2301},{23012=19;23011=19;23013=19},{},{}
185,20,100,{id=1841},{18411=19;18413=19;18412=19},{star=3;id=791},{7912=19;7913=19;7911=19},{star=3;id=2961},{29612=19;29611=19;29613=19},{star=3;id=11},{112=19;111=19;113=19},{star=3;id=2011},{20112=19;20111=19;20113=19},{},{}
186,20,100,{id=3341},{33412=19;33413=19;33411=19},{star=3;id=3291},{32912=19;32911=19;32913=19},{star=3;id=3501},{35012=19;35011=19;35013=19},{star=3;id=301},{3013=19;3012=19;3011=19},{star=3;id=471},{4713=19;4711=19;4712=19},{},{}
187,20,100,{id=1611},{16113=19;16111=19;16112=19},{star=3;id=2271},{22712=19;22711=19;22713=19},{star=3;id=11},{112=19;111=19;113=19},{star=3;id=3431},{34312=19;34313=19;34311=19},{star=3;id=91},{912=19;911=19;913=19},{},{}
188,20,100,{id=2681},{26811=19;26812=19;26813=19},{star=3;id=371},{3712=19;3711=19;3713=19},{star=3;id=11},{112=19;111=19;113=19},{star=3;id=1441},{14411=19;14413=19;14412=19},{star=3;id=3471},{34711=19;34713=19;34712=19},{},{}
189,20,100,{id=11},{112=19;111=19;113=19},{star=3;id=91},{912=19;911=19;913=19},{star=3;id=781},{7811=19;7812=19;7813=19},{star=3;id=371},{3712=19;3711=19;3713=19},{star=3;id=2071},{20712=19;20713=19;20711=19},{},{}
190,20,100,{id=1171},{11712=19;11713=19;11711=19},{star=3;id=2921},{29212=19;29211=19;29213=19},{star=3;id=481},{4811=19;4813=19;4812=19},{star=3;id=461},{4612=19;4611=19;4613=19},{star=3;id=2961},{29612=19;29611=19;29613=19},{},{}
191,20,100,{id=3431},{34312=19;34313=19;34311=19},{star=3;id=371},{3712=19;3711=19;3713=19},{star=3;id=1441},{14411=19;14413=19;14412=19},{star=3;id=801},{8011=19;8013=19;8012=19},{star=3;id=11},{112=19;111=19;113=19},{},{}
192,20,100,{id=11},{112=19;111=19;113=19},{star=3;id=471},{4713=19;4711=19;4712=19},{star=3;id=301},{3013=19;3012=19;3011=19},{star=3;id=461},{4612=19;4611=19;4613=19},{star=3;id=2921},{29212=19;29211=19;29213=19},{},{}
193,20,100,{id=801},{8011=19;8013=19;8012=19},{star=3;id=301},{3013=19;3012=19;3011=19},{star=3;id=2871},{28712=19;28713=19;28711=19},{star=3;id=491},{4913=19;4911=19;4912=19},{star=3;id=471},{4713=19;4711=19;4712=19},{},{}
194,20,100,{id=2481},{24813=19;24811=19;24812=19},{star=3;id=271},{2713=19;2712=19;2711=19},{star=3;id=2301},{23012=19;23011=19;23013=19},{star=3;id=1611},{16113=19;16111=19;16112=19},{star=3;id=3471},{34711=19;34713=19;34712=19},{},{}
195,20,100,{id=2961},{29612=19;29611=19;29613=19},{star=3;id=1841},{18411=19;18413=19;18412=19},{star=3;id=2271},{22712=19;22711=19;22713=19},{star=3;id=781},{7811=19;7812=19;7813=19},{star=3;id=3411},{34113=19;34111=19;34112=19},{},{}
196,20,100,{id=3291},{32912=19;32911=19;32913=19},{star=3;id=1441},{14411=19;14413=19;14412=19},{star=3;id=2921},{29212=19;29211=19;29213=19},{star=3;id=461},{4612=19;4611=19;4613=19},{star=3;id=2591},{25911=19;25912=19;25913=19},{},{}
197,20,100,{id=2961},{29612=19;29611=19;29613=19},{star=3;id=3511},{35111=19;35113=19;35112=19},{star=3;id=271},{2713=19;2712=19;2711=19},{star=3;id=21},{212=19;211=19;213=19},{star=3;id=301},{3013=19;3012=19;3011=19},{},{}
198,20,100,{id=2271},{22712=19;22711=19;22713=19},{star=3;id=2961},{29612=19;29611=19;29613=19},{star=3;id=781},{7811=19;7812=19;7813=19},{star=3;id=1861},{18612=19;18611=19;18613=19},{star=3;id=2301},{23012=19;23011=19;23013=19},{},{}
199,20,100,{id=11},{112=19;111=19;113=19},{star=3;id=1},{11=19;13=19;12=19},{star=3;id=2591},{25911=19;25912=19;25913=19},{star=3;id=2921},{29212=19;29211=19;29213=19},{star=3;id=2011},{20112=19;20111=19;20113=19},{},{}
200,20,100,{id=1841},{18411=19;18413=19;18412=19},{star=3;id=2011},{20112=19;20111=19;20113=19},{star=3;id=21},{212=19;211=19;213=19},{star=3;id=51},{512=19;513=19;511=19},{star=3;id=2631},{26312=19;26311=19;26313=19},{},{}
201,20,100,{id=2921},{29212=21;29211=21;29213=21},{star=3;id=2591},{25911=21;25912=21;25913=21},{star=3;id=2271},{22712=21;22711=21;22713=21},{star=3;id=51},{512=21;513=21;511=21},{star=3;id=3341},{33412=21;33413=21;33411=21},{},{}
202,20,100,{id=2611},{26113=21;26111=21;26112=21},{star=3;id=781},{7811=21;7812=21;7813=21},{star=3;id=3501},{35012=21;35011=21;35013=21},{star=3;id=551},{5512=21;5511=21;5513=21},{star=3;id=2871},{28712=21;28713=21;28711=21},{},{}
203,20,100,{id=2611},{26113=21;26111=21;26112=21},{star=3;id=691},{6912=21;6913=21;6911=21},{star=3;id=271},{2713=21;2712=21;2711=21},{star=3;id=2871},{28712=21;28713=21;28711=21},{star=3;id=1861},{18612=21;18611=21;18613=21},{},{}
204,20,100,{id=781},{7811=21;7812=21;7813=21},{star=3;id=21},{212=21;211=21;213=21},{star=3;id=2271},{22712=21;22711=21;22713=21},{star=3;id=2961},{29612=21;29611=21;29613=21},{star=3;id=3411},{34113=21;34111=21;34112=21},{},{}
205,20,100,{id=461},{4612=21;4611=21;4613=21},{star=3;id=2591},{25911=21;25912=21;25913=21},{star=3;id=781},{7811=21;7812=21;7813=21},{star=3;id=1171},{11712=21;11713=21;11711=21},{star=3;id=801},{8011=21;8013=21;8012=21},{},{}
206,20,100,{id=471},{4713=21;4711=21;4712=21},{star=3;id=281},{2813=21;2811=21;2812=21},{star=3;id=51},{512=21;513=21;511=21},{star=3;id=21},{212=21;211=21;213=21},{star=3;id=491},{4913=21;4911=21;4912=21},{},{}
207,20,100,{id=2821},{28211=21;28212=21;28213=21},{star=3;id=301},{3013=21;3012=21;3011=21},{star=3;id=271},{2713=21;2712=21;2711=21},{star=3;id=2631},{26312=21;26311=21;26313=21},{star=3;id=1441},{14411=21;14413=21;14412=21},{},{}
208,20,100,{id=2011},{20112=21;20111=21;20113=21},{star=3;id=3511},{35111=21;35113=21;35112=21},{star=3;id=1611},{16113=21;16111=21;16112=21},{star=3;id=2921},{29212=21;29211=21;29213=21},{star=3;id=691},{6912=21;6913=21;6911=21},{},{}
209,20,100,{id=1441},{14411=21;14413=21;14412=21},{star=3;id=1},{11=21;13=21;12=21},{star=3;id=791},{7912=21;7913=21;7911=21},{star=3;id=461},{4612=21;4611=21;4613=21},{star=3;id=3341},{33412=21;33413=21;33411=21},{},{}
210,20,100,{id=1171},{11712=21;11713=21;11711=21},{star=3;id=281},{2813=21;2811=21;2812=21},{star=3;id=481},{4811=21;4813=21;4812=21},{star=3;id=1611},{16113=21;16111=21;16112=21},{star=3;id=21},{212=21;211=21;213=21},{},{}
211,20,100,{id=2011},{20112=21;20111=21;20113=21},{star=3;id=2631},{26312=21;26311=21;26313=21},{star=3;id=691},{6912=21;6913=21;6911=21},{star=3;id=2681},{26811=21;26812=21;26813=21},{star=3;id=491},{4913=21;4911=21;4912=21},{},{}
212,20,100,{id=2921},{29212=21;29211=21;29213=21},{star=3;id=3341},{33412=21;33413=21;33411=21},{star=3;id=2011},{20112=21;20111=21;20113=21},{star=3;id=3291},{32912=21;32911=21;32913=21},{star=3;id=2631},{26312=21;26311=21;26313=21},{},{}
213,20,100,{id=3341},{33412=21;33413=21;33411=21},{star=3;id=471},{4713=21;4711=21;4712=21},{star=3;id=791},{7912=21;7913=21;7911=21},{star=3;id=2611},{26113=21;26111=21;26112=21},{star=3;id=21},{212=21;211=21;213=21},{},{}
214,20,100,{id=3501},{35012=21;35011=21;35013=21},{star=3;id=2961},{29612=21;29611=21;29613=21},{star=3;id=491},{4913=21;4911=21;4912=21},{star=3;id=2921},{29212=21;29211=21;29213=21},{star=3;id=461},{4612=21;4611=21;4613=21},{},{}
215,20,100,{id=11},{112=21;111=21;113=21},{star=3;id=2591},{25911=21;25912=21;25913=21},{star=3;id=2961},{29612=21;29611=21;29613=21},{star=3;id=471},{4713=21;4711=21;4712=21},{star=3;id=2011},{20112=21;20111=21;20113=21},{},{}
216,20,100,{id=271},{2713=21;2712=21;2711=21},{star=3;id=3431},{34312=21;34313=21;34311=21},{star=3;id=1611},{16113=21;16111=21;16112=21},{star=3;id=2271},{22712=21;22711=21;22713=21},{star=3;id=481},{4811=21;4813=21;4812=21},{},{}
217,20,100,{id=2271},{22712=21;22711=21;22713=21},{star=3;id=301},{3013=21;3012=21;3011=21},{star=3;id=3501},{35012=21;35011=21;35013=21},{star=3;id=2871},{28712=21;28713=21;28711=21},{star=3;id=281},{2813=21;2811=21;2812=21},{},{}
218,20,100,{id=3281},{32812=21;32811=21;32813=21},{star=3;id=301},{3013=21;3012=21;3011=21},{star=3;id=2611},{26113=21;26111=21;26112=21},{star=3;id=2631},{26312=21;26311=21;26313=21},{star=3;id=1861},{18612=21;18611=21;18613=21},{},{}
219,20,100,{id=2921},{29212=21;29211=21;29213=21},{star=3;id=1},{11=21;13=21;12=21},{star=3;id=2871},{28712=21;28713=21;28711=21},{star=3;id=461},{4612=21;4611=21;4613=21},{star=3;id=301},{3013=21;3012=21;3011=21},{},{}
220,20,100,{id=301},{3013=21;3012=21;3011=21},{star=3;id=1171},{11712=21;11713=21;11711=21},{star=3;id=281},{2813=21;2811=21;2812=21},{star=3;id=2011},{20112=21;20111=21;20113=21},{star=3;id=3341},{33412=21;33413=21;33411=21},{},{}
221,20,100,{id=481},{4811=23;4813=23;4812=23},{star=3;id=2011},{20112=23;20111=23;20113=23},{star=3;id=461},{4612=23;4611=23;4613=23},{star=3;id=2271},{22712=23;22711=23;22713=23},{star=3;id=2921},{29212=23;29211=23;29213=23},{},{}
222,20,100,{id=1861},{18612=23;18611=23;18613=23},{star=3;id=2821},{28211=23;28212=23;28213=23},{star=3;id=2921},{29212=23;29211=23;29213=23},{star=3;id=301},{3013=23;3012=23;3011=23},{star=3;id=2011},{20112=23;20111=23;20113=23},{},{}
223,20,100,{id=1841},{18411=23;18413=23;18412=23},{star=3;id=801},{8011=23;8013=23;8012=23},{star=3;id=1611},{16113=23;16111=23;16112=23},{star=3;id=551},{5512=23;5511=23;5513=23},{star=3;id=1861},{18612=23;18611=23;18613=23},{},{}
224,20,100,{id=271},{2713=23;2712=23;2711=23},{star=3;id=2071},{20712=23;20713=23;20711=23},{star=3;id=791},{7912=23;7913=23;7911=23},{star=3;id=3501},{35012=23;35011=23;35013=23},{star=3;id=2681},{26811=23;26812=23;26813=23},{},{}
225,20,100,{id=781},{7811=23;7812=23;7813=23},{star=3;id=2071},{20712=23;20713=23;20711=23},{star=3;id=461},{4612=23;4611=23;4613=23},{star=3;id=281},{2813=23;2811=23;2812=23},{star=3;id=301},{3013=23;3012=23;3011=23},{},{}
226,20,100,{id=2611},{26113=23;26111=23;26112=23},{star=3;id=371},{3712=23;3711=23;3713=23},{star=3;id=271},{2713=23;2712=23;2711=23},{star=3;id=2301},{23012=23;23011=23;23013=23},{star=3;id=91},{912=23;911=23;913=23},{},{}
227,20,100,{id=3501},{35012=23;35011=23;35013=23},{star=3;id=301},{3013=23;3012=23;3011=23},{star=3;id=1441},{14411=23;14413=23;14412=23},{star=3;id=2301},{23012=23;23011=23;23013=23},{star=3;id=2011},{20112=23;20111=23;20113=23},{},{}
228,20,100,{id=3291},{32912=23;32911=23;32913=23},{star=3;id=301},{3013=23;3012=23;3011=23},{star=3;id=781},{7811=23;7812=23;7813=23},{star=3;id=3411},{34113=23;34111=23;34112=23},{star=3;id=11},{112=23;111=23;113=23},{},{}
229,20,100,{id=3431},{34312=23;34313=23;34311=23},{star=3;id=781},{7811=23;7812=23;7813=23},{star=3;id=481},{4811=23;4813=23;4812=23},{star=3;id=691},{6912=23;6913=23;6911=23},{star=3;id=2071},{20712=23;20713=23;20711=23},{},{}
230,20,100,{id=21},{212=23;211=23;213=23},{star=3;id=51},{512=23;513=23;511=23},{star=3;id=3291},{32912=23;32911=23;32913=23},{star=3;id=2921},{29212=23;29211=23;29213=23},{star=3;id=551},{5512=23;5511=23;5513=23},{},{}
231,20,100,{id=2301},{23012=23;23011=23;23013=23},{star=3;id=91},{912=23;911=23;913=23},{star=3;id=481},{4811=23;4813=23;4812=23},{star=3;id=2921},{29212=23;29211=23;29213=23},{star=3;id=2591},{25911=23;25912=23;25913=23},{},{}
232,20,100,{id=3411},{34113=23;34111=23;34112=23},{star=3;id=11},{112=23;111=23;113=23},{star=3;id=2591},{25911=23;25912=23;25913=23},{star=3;id=1441},{14411=23;14413=23;14412=23},{star=3;id=2011},{20112=23;20111=23;20113=23},{},{}
233,20,100,{id=2611},{26113=23;26111=23;26112=23},{star=3;id=2871},{28712=23;28713=23;28711=23},{star=3;id=3291},{32912=23;32911=23;32913=23},{star=3;id=21},{212=23;211=23;213=23},{star=3;id=1},{11=23;13=23;12=23},{},{}
234,20,100,{id=2631},{26312=23;26311=23;26313=23},{star=3;id=51},{512=23;513=23;511=23},{star=3;id=1611},{16113=23;16111=23;16112=23},{star=3;id=2301},{23012=23;23011=23;23013=23},{star=3;id=3411},{34113=23;34111=23;34112=23},{},{}
235,20,100,{id=2871},{28712=23;28713=23;28711=23},{star=3;id=3471},{34711=23;34713=23;34712=23},{star=3;id=2921},{29212=23;29211=23;29213=23},{star=3;id=271},{2713=23;2712=23;2711=23},{star=3;id=2071},{20712=23;20713=23;20711=23},{},{}
236,20,100,{id=2871},{28712=23;28713=23;28711=23},{star=3;id=781},{7811=23;7812=23;7813=23},{star=3;id=91},{912=23;911=23;913=23},{star=3;id=11},{112=23;111=23;113=23},{star=3;id=2681},{26811=23;26812=23;26813=23},{},{}
237,20,100,{id=2921},{29212=23;29211=23;29213=23},{star=3;id=801},{8011=23;8013=23;8012=23},{star=3;id=2481},{24813=23;24811=23;24812=23},{star=3;id=781},{7811=23;7812=23;7813=23},{star=3;id=1171},{11712=23;11713=23;11711=23},{},{}
238,20,100,{id=781},{7811=23;7812=23;7813=23},{star=3;id=2611},{26113=23;26111=23;26112=23},{star=3;id=481},{4811=23;4813=23;4812=23},{star=3;id=551},{5512=23;5511=23;5513=23},{star=3;id=3431},{34312=23;34313=23;34311=23},{},{}
239,20,100,{id=2921},{29212=23;29211=23;29213=23},{star=3;id=2011},{20112=23;20111=23;20113=23},{star=3;id=781},{7811=23;7812=23;7813=23},{star=3;id=2071},{20712=23;20713=23;20711=23},{star=3;id=481},{4811=23;4813=23;4812=23},{},{}
240,20,100,{id=791},{7912=23;7913=23;7911=23},{star=3;id=1441},{14411=23;14413=23;14412=23},{star=3;id=3471},{34711=23;34713=23;34712=23},{star=3;id=2011},{20112=23;20111=23;20113=23},{star=3;id=3501},{35012=23;35011=23;35013=23},{},{}
241,100,100,{id=2301},{23012=25;23011=25;23013=25},{star=4;id=2591},{25911=25;25912=25;25913=25},{star=4;id=271},{2713=25;2712=25;2711=25},{star=4;id=3001},{30012=25;30011=25;30013=25},{star=4;id=2821},{28211=25;28212=25;28213=25},{star=4;id=1841},{18411=25;18413=25;18412=25}
242,100,100,{id=1501},{15012=25;15011=25;15013=25},{star=4;id=591},{5912=25;5911=25;5913=25},{star=4;id=691},{6912=25;6913=25;6911=25},{star=4;id=51},{512=25;513=25;511=25},{star=4;id=491},{4913=25;4911=25;4912=25},{star=4;id=2821},{28211=25;28212=25;28213=25}
243,100,100,{id=3001},{30012=25;30011=25;30013=25},{star=4;id=2921},{29212=25;29211=25;29213=25},{star=4;id=471},{4713=25;4711=25;4712=25},{star=4;id=1291},{12913=25;12911=25;12912=25},{star=4;id=1071},{10713=25;10711=25;10712=25},{star=4;id=1611},{16113=25;16111=25;16112=25}
244,100,100,{id=3301},{33012=25;33013=25;33011=25},{star=4;id=2961},{29612=25;29611=25;29613=25},{star=4;id=3501},{35012=25;35011=25;35013=25},{star=4;id=261},{2611=25;2613=25;2612=25},{star=4;id=1841},{18411=25;18413=25;18412=25},{star=4;id=371},{3712=25;3711=25;3713=25}
245,100,100,{id=1611},{16113=25;16111=25;16112=25},{star=4;id=791},{7912=25;7913=25;7911=25},{star=4;id=2631},{26312=25;26311=25;26313=25},{star=4;id=1311},{13111=25;13113=25;13112=25},{star=4;id=471},{4713=25;4711=25;4712=25},{star=4;id=3281},{32812=25;32811=25;32813=25}
246,100,100,{id=2921},{29212=25;29211=25;29213=25},{star=4;id=3341},{33412=25;33413=25;33411=25},{star=4;id=11},{112=25;111=25;113=25},{star=4;id=331},{3312=25;3313=25;3311=25},{star=4;id=1421},{14212=25;14211=25;14213=25},{star=4;id=261},{2611=25;2613=25;2612=25}
247,100,100,{id=3431},{34312=25;34313=25;34311=25},{star=4;id=1291},{12913=25;12911=25;12912=25},{star=4;id=881},{8811=25;8813=25;8812=25},{star=4;id=261},{2611=25;2613=25;2612=25},{star=4;id=1081},{10811=25;10813=25;10812=25},{star=4;id=2071},{20712=25;20713=25;20711=25}
248,100,100,{id=3431},{34312=25;34313=25;34311=25},{star=4;id=601},{6012=25;6011=25;6013=25},{star=4;id=2721},{27212=25;27213=25;27211=25},{star=4;id=551},{5512=25;5511=25;5513=25},{star=4;id=3141},{31413=25;31412=25;31411=25},{star=4;id=2631},{26312=25;26311=25;26313=25}
249,100,100,{id=2011},{20112=25;20111=25;20113=25},{star=4;id=1071},{10713=25;10711=25;10712=25},{star=4;id=3411},{34113=25;34111=25;34112=25},{star=4;id=3291},{32912=25;32911=25;32913=25},{star=4;id=3001},{30012=25;30011=25;30013=25},{star=4;id=1291},{12913=25;12911=25;12912=25}
250,100,100,{id=2871},{28712=25;28713=25;28711=25},{star=4;id=741},{7411=25;7412=25;7413=25},{star=4;id=1391},{13911=25;13913=25;13912=25},{star=4;id=1291},{12913=25;12911=25;12912=25},{star=4;id=2961},{29612=25;29611=25;29613=25},{star=4;id=2921},{29212=25;29211=25;29213=25}
251,100,100,{id=2961},{29612=25;29611=25;29613=25},{star=4;id=2011},{20112=25;20111=25;20113=25},{star=4;id=3541},{35412=25;35413=25;35411=25},{star=4;id=3301},{33012=25;33013=25;33011=25},{star=4;id=261},{2611=25;2613=25;2612=25},{star=4;id=2071},{20712=25;20713=25;20711=25}
252,100,100,{id=3511},{35111=25;35113=25;35112=25},{star=4;id=3351},{33512=25;33511=25;33513=25},{star=4;id=1441},{14411=25;14413=25;14412=25},{star=4;id=3411},{34113=25;34111=25;34112=25},{star=4;id=3301},{33012=25;33013=25;33011=25},{star=4;id=1171},{11712=25;11713=25;11711=25}
253,100,100,{id=3411},{34113=25;34111=25;34112=25},{star=4;id=1811},{18112=25;18111=25;18113=25},{star=4;id=371},{3712=25;3711=25;3713=25},{star=4;id=2011},{20112=25;20111=25;20113=25},{star=4;id=3301},{33012=25;33013=25;33011=25},{star=4;id=2921},{29212=25;29211=25;29213=25}
254,100,100,{id=3511},{35111=25;35113=25;35112=25},{star=4;id=1861},{18612=25;18611=25;18613=25},{star=4;id=591},{5912=25;5911=25;5913=25},{star=4;id=271},{2713=25;2712=25;2711=25},{star=4;id=11},{112=25;111=25;113=25},{star=4;id=3471},{34711=25;34713=25;34712=25}
255,100,100,{id=3291},{32912=25;32911=25;32913=25},{star=4;id=2071},{20712=25;20713=25;20711=25},{star=4;id=461},{4612=25;4611=25;4613=25},{star=4;id=3541},{35412=25;35413=25;35411=25},{star=4;id=471},{4713=25;4711=25;4712=25},{star=4;id=771},{7712=25;7711=25;7713=25}
256,100,100,{id=691},{6912=25;6913=25;6911=25},{star=4;id=1291},{12913=25;12911=25;12912=25},{star=4;id=2301},{23012=25;23011=25;23013=25},{star=4;id=1611},{16113=25;16111=25;16112=25},{star=4;id=1421},{14212=25;14211=25;14213=25},{star=4;id=3301},{33012=25;33013=25;33011=25}
257,100,100,{id=21},{212=25;211=25;213=25},{star=4;id=1611},{16113=25;16111=25;16112=25},{star=4;id=2071},{20712=25;20713=25;20711=25},{star=4;id=271},{2713=25;2712=25;2711=25},{star=4;id=2721},{27212=25;27213=25;27211=25},{star=4;id=2611},{26113=25;26111=25;26112=25}
258,100,100,{id=771},{7712=25;7711=25;7713=25},{star=4;id=2631},{26312=25;26311=25;26313=25},{star=4;id=801},{8011=25;8013=25;8012=25},{star=4;id=791},{7912=25;7913=25;7911=25},{star=4;id=3291},{32912=25;32911=25;32913=25},{star=4;id=3541},{35412=25;35413=25;35411=25}
259,100,100,{id=3471},{34711=25;34713=25;34712=25},{star=4;id=3541},{35412=25;35413=25;35411=25},{star=4;id=601},{6012=25;6011=25;6013=25},{star=4;id=2011},{20112=25;20111=25;20113=25},{star=4;id=3431},{34312=25;34313=25;34311=25},{star=4;id=3411},{34113=25;34111=25;34112=25}
260,100,100,{id=3001},{30012=25;30011=25;30013=25},{star=4;id=801},{8011=25;8013=25;8012=25},{star=4;id=601},{6012=25;6011=25;6013=25},{star=4;id=2071},{20712=25;20713=25;20711=25},{star=4;id=1311},{13111=25;13113=25;13112=25},{star=4;id=3411},{34113=25;34111=25;34112=25}
261,100,100,{id=3471},{34711=27;34713=27;34712=27},{star=4;id=2681},{26811=27;26812=27;26813=27},{star=4;id=1421},{14212=27;14211=27;14213=27},{star=4;id=2871},{28712=27;28713=27;28711=27},{star=4;id=11},{112=27;111=27;113=27},{star=4;id=2631},{26312=27;26311=27;26313=27}
262,100,100,{id=881},{8811=27;8813=27;8812=27},{star=4;id=1},{11=27;13=27;12=27},{star=4;id=3141},{31413=27;31412=27;31411=27},{star=4;id=1421},{14212=27;14211=27;14213=27},{star=4;id=3291},{32912=27;32911=27;32913=27},{star=4;id=631},{6313=27;6312=27;6311=27}
263,100,100,{id=3471},{34711=27;34713=27;34712=27},{star=4;id=471},{4713=27;4711=27;4712=27},{star=4;id=1391},{13911=27;13913=27;13912=27},{star=4;id=11},{112=27;111=27;113=27},{star=4;id=3351},{33512=27;33511=27;33513=27},{star=4;id=1291},{12913=27;12911=27;12912=27}
264,100,100,{id=1441},{14411=27;14413=27;14412=27},{star=4;id=2871},{28712=27;28713=27;28711=27},{star=4;id=791},{7912=27;7913=27;7911=27},{star=4;id=3281},{32812=27;32811=27;32813=27},{star=4;id=601},{6012=27;6011=27;6013=27},{star=4;id=881},{8811=27;8813=27;8812=27}
265,100,100,{id=271},{2713=27;2712=27;2711=27},{star=4;id=2961},{29612=27;29611=27;29613=27},{star=4;id=391},{3912=27;3913=27;3911=27},{star=4;id=1251},{12511=27;12513=27;12512=27},{star=4;id=1611},{16113=27;16111=27;16112=27},{star=4;id=2721},{27212=27;27213=27;27211=27}
266,100,100,{id=2591},{25911=27;25912=27;25913=27},{star=4;id=1},{11=27;13=27;12=27},{star=4;id=3281},{32812=27;32811=27;32813=27},{star=4;id=3001},{30012=27;30011=27;30013=27},{star=4;id=571},{5711=27;5713=27;5712=27},{star=4;id=2921},{29212=27;29211=27;29213=27}
267,100,100,{id=51},{512=27;513=27;511=27},{star=4;id=281},{2813=27;2811=27;2812=27},{star=4;id=1171},{11712=27;11713=27;11711=27},{star=4;id=1861},{18612=27;18611=27;18613=27},{star=4;id=1391},{13911=27;13913=27;13912=27},{star=4;id=791},{7912=27;7913=27;7911=27}
268,100,100,{id=491},{4913=27;4911=27;4912=27},{star=4;id=1811},{18112=27;18111=27;18113=27},{star=4;id=1611},{16113=27;16111=27;16112=27},{star=4;id=3281},{32812=27;32811=27;32813=27},{star=4;id=731},{7312=27;7313=27;7311=27},{star=4;id=3141},{31413=27;31412=27;31411=27}
269,100,100,{id=261},{2611=27;2613=27;2612=27},{star=4;id=2681},{26811=27;26812=27;26813=27},{star=4;id=1171},{11712=27;11713=27;11711=27},{star=4;id=2921},{29212=27;29211=27;29213=27},{star=4;id=551},{5512=27;5511=27;5513=27},{star=4;id=3301},{33012=27;33013=27;33011=27}
270,100,100,{id=2071},{20712=27;20713=27;20711=27},{star=4;id=2961},{29612=27;29611=27;29613=27},{star=4;id=801},{8011=27;8013=27;8012=27},{star=4;id=3001},{30012=27;30011=27;30013=27},{star=4;id=391},{3912=27;3913=27;3911=27},{star=4;id=2871},{28712=27;28713=27;28711=27}
271,100,100,{id=601},{6012=27;6011=27;6013=27},{star=4;id=881},{8811=27;8813=27;8812=27},{star=4;id=691},{6912=27;6913=27;6911=27},{star=4;id=1611},{16113=27;16111=27;16112=27},{star=4;id=781},{7811=27;7812=27;7813=27},{star=4;id=3501},{35012=27;35011=27;35013=27}
272,100,100,{id=781},{7811=27;7812=27;7813=27},{star=4;id=301},{3013=27;3012=27;3011=27},{star=4;id=1},{11=27;13=27;12=27},{star=4;id=2821},{28211=27;28212=27;28213=27},{star=4;id=1501},{15012=27;15011=27;15013=27},{star=4;id=3001},{30012=27;30011=27;30013=27}
273,100,100,{id=881},{8811=27;8813=27;8812=27},{star=4;id=301},{3013=27;3012=27;3011=27},{star=4;id=1391},{13911=27;13913=27;13912=27},{star=4;id=2591},{25911=27;25912=27;25913=27},{star=4;id=791},{7912=27;7913=27;7911=27},{star=4;id=21},{212=27;211=27;213=27}
274,100,100,{id=51},{512=27;513=27;511=27},{star=4;id=1251},{12511=27;12513=27;12512=27},{star=4;id=2591},{25911=27;25912=27;25913=27},{star=4;id=2071},{20712=27;20713=27;20711=27},{star=4;id=3351},{33512=27;33511=27;33513=27},{star=4;id=3411},{34113=27;34111=27;34112=27}
275,100,100,{id=2921},{29212=27;29211=27;29213=27},{star=4;id=3431},{34312=27;34313=27;34311=27},{star=4;id=3511},{35111=27;35113=27;35112=27},{star=4;id=791},{7912=27;7913=27;7911=27},{star=4;id=1861},{18612=27;18611=27;18613=27},{star=4;id=1291},{12913=27;12911=27;12912=27}
276,100,100,{id=3501},{35012=27;35011=27;35013=27},{star=4;id=371},{3712=27;3711=27;3713=27},{star=4;id=491},{4913=27;4911=27;4912=27},{star=4;id=1391},{13911=27;13913=27;13912=27},{star=4;id=791},{7912=27;7913=27;7911=27},{star=4;id=2481},{24813=27;24811=27;24812=27}
277,100,100,{id=1441},{14411=27;14413=27;14412=27},{star=4;id=2681},{26811=27;26812=27;26813=27},{star=4;id=3351},{33512=27;33511=27;33513=27},{star=4;id=1251},{12511=27;12513=27;12512=27},{star=4;id=21},{212=27;211=27;213=27},{star=4;id=2271},{22712=27;22711=27;22713=27}
278,100,100,{id=3411},{34113=27;34111=27;34112=27},{star=4;id=1311},{13111=27;13113=27;13112=27},{star=4;id=1391},{13911=27;13913=27;13912=27},{star=4;id=741},{7411=27;7412=27;7413=27},{star=4;id=1501},{15012=27;15011=27;15013=27},{star=4;id=271},{2713=27;2712=27;2711=27}
279,100,100,{id=281},{2813=27;2811=27;2812=27},{star=4;id=801},{8011=27;8013=27;8012=27},{star=4;id=471},{4713=27;4711=27;4712=27},{star=4;id=1391},{13911=27;13913=27;13912=27},{star=4;id=261},{2611=27;2613=27;2612=27},{star=4;id=1311},{13111=27;13113=27;13112=27}
280,100,100,{id=51},{512=27;513=27;511=27},{star=4;id=3291},{32912=27;32911=27;32913=27},{star=4;id=491},{4913=27;4911=27;4912=27},{star=4;id=571},{5711=27;5713=27;5712=27},{star=4;id=1501},{15012=27;15011=27;15013=27},{star=4;id=2631},{26312=27;26311=27;26313=27}
281,100,100,{id=3281},{32812=29;32811=29;32813=29},{star=4;id=21},{212=29;211=29;213=29},{star=4;id=391},{3912=29;3913=29;3911=29},{star=4;id=2871},{28712=29;28713=29;28711=29},{star=4;id=801},{8011=29;8013=29;8012=29},{star=4;id=1},{11=29;13=29;12=29}
282,100,100,{id=1391},{13911=29;13913=29;13912=29},{star=4;id=331},{3312=29;3313=29;3311=29},{star=4;id=601},{6012=29;6011=29;6013=29},{star=4;id=571},{5711=29;5713=29;5712=29},{star=4;id=2301},{23012=29;23011=29;23013=29},{star=4;id=1081},{10811=29;10813=29;10812=29}
283,100,100,{id=1251},{12511=29;12513=29;12512=29},{star=4;id=731},{7312=29;7313=29;7311=29},{star=4;id=1071},{10713=29;10711=29;10712=29},{star=4;id=3341},{33412=29;33413=29;33411=29},{star=4;id=1501},{15012=29;15011=29;15013=29},{star=4;id=1},{11=29;13=29;12=29}
284,100,100,{id=1081},{10811=29;10813=29;10812=29},{star=4;id=801},{8011=29;8013=29;8012=29},{star=4;id=91},{912=29;911=29;913=29},{star=4;id=3411},{34113=29;34111=29;34112=29},{star=4;id=3511},{35111=29;35113=29;35112=29},{star=4;id=481},{4811=29;4813=29;4812=29}
285,100,100,{id=2481},{24813=29;24811=29;24812=29},{star=4;id=2821},{28211=29;28212=29;28213=29},{star=4;id=2631},{26312=29;26311=29;26313=29},{star=4;id=881},{8811=29;8813=29;8812=29},{star=4;id=261},{2611=29;2613=29;2612=29},{star=4;id=3351},{33512=29;33511=29;33513=29}
286,100,100,{id=281},{2813=29;2811=29;2812=29},{star=4;id=481},{4811=29;4813=29;4812=29},{star=4;id=21},{212=29;211=29;213=29},{star=4;id=491},{4913=29;4911=29;4912=29},{star=4;id=391},{3912=29;3913=29;3911=29},{star=4;id=2591},{25911=29;25912=29;25913=29}
287,100,100,{id=2011},{20112=29;20111=29;20113=29},{star=4;id=2631},{26312=29;26311=29;26313=29},{star=4;id=391},{3912=29;3913=29;3911=29},{star=4;id=281},{2813=29;2811=29;2812=29},{star=4;id=2871},{28712=29;28713=29;28711=29},{star=4;id=1231},{12311=29;12312=29;12313=29}
288,100,100,{id=801},{8011=29;8013=29;8012=29},{star=4;id=1421},{14212=29;14211=29;14213=29},{star=4;id=731},{7312=29;7313=29;7311=29},{star=4;id=3141},{31413=29;31412=29;31411=29},{star=4;id=591},{5912=29;5911=29;5913=29},{star=4;id=1251},{12511=29;12513=29;12512=29}
289,100,100,{id=1811},{18112=29;18111=29;18113=29},{star=4;id=1},{11=29;13=29;12=29},{star=4;id=2871},{28712=29;28713=29;28711=29},{star=4;id=2821},{28211=29;28212=29;28213=29},{star=4;id=3281},{32812=29;32811=29;32813=29},{star=4;id=801},{8011=29;8013=29;8012=29}
290,100,100,{id=2591},{25911=29;25912=29;25913=29},{star=4;id=1251},{12511=29;12513=29;12512=29},{star=4;id=691},{6912=29;6913=29;6911=29},{star=4;id=3501},{35012=29;35011=29;35013=29},{star=4;id=3301},{33012=29;33013=29;33011=29},{star=4;id=3291},{32912=29;32911=29;32913=29}
291,100,100,{id=1311},{13111=29;13113=29;13112=29},{star=4;id=301},{3013=29;3012=29;3011=29},{star=4;id=2301},{23012=29;23011=29;23013=29},{star=4;id=691},{6912=29;6913=29;6911=29},{star=4;id=3341},{33412=29;33413=29;33411=29},{star=4;id=261},{2611=29;2613=29;2612=29}
292,100,100,{id=301},{3013=29;3012=29;3011=29},{star=4;id=3471},{34711=29;34713=29;34712=29},{star=4;id=2961},{29612=29;29611=29;29613=29},{star=4;id=471},{4713=29;4711=29;4712=29},{star=4;id=771},{7712=29;7711=29;7713=29},{star=4;id=1441},{14411=29;14413=29;14412=29}
293,100,100,{id=2481},{24813=29;24811=29;24812=29},{star=4;id=2611},{26113=29;26111=29;26112=29},{star=4;id=3541},{35412=29;35413=29;35411=29},{star=4;id=3291},{32912=29;32911=29;32913=29},{star=4;id=1441},{14411=29;14413=29;14412=29},{star=4;id=281},{2813=29;2811=29;2812=29}
294,100,100,{id=11},{112=29;111=29;113=29},{star=4;id=2011},{20112=29;20111=29;20113=29},{star=4;id=281},{2813=29;2811=29;2812=29},{star=4;id=591},{5912=29;5911=29;5913=29},{star=4;id=371},{3712=29;3711=29;3713=29},{star=4;id=3301},{33012=29;33013=29;33011=29}
295,100,100,{id=1221},{12211=29;12213=29;12212=29},{star=4;id=301},{3013=29;3012=29;3011=29},{star=4;id=2871},{28712=29;28713=29;28711=29},{star=4;id=1081},{10811=29;10813=29;10812=29},{star=4;id=2271},{22712=29;22711=29;22713=29},{star=4;id=11},{112=29;111=29;113=29}
296,100,100,{id=51},{512=29;513=29;511=29},{star=4;id=391},{3912=29;3913=29;3911=29},{star=4;id=1071},{10713=29;10711=29;10712=29},{star=4;id=2821},{28211=29;28212=29;28213=29},{star=4;id=1861},{18612=29;18611=29;18613=29},{star=4;id=3411},{34113=29;34111=29;34112=29}
297,100,100,{id=2871},{28712=29;28713=29;28711=29},{star=4;id=3431},{34312=29;34313=29;34311=29},{star=4;id=3301},{33012=29;33013=29;33011=29},{star=4;id=51},{512=29;513=29;511=29},{star=4;id=781},{7811=29;7812=29;7813=29},{star=4;id=2681},{26811=29;26812=29;26813=29}
298,100,100,{id=1081},{10811=29;10813=29;10812=29},{star=4;id=2921},{29212=29;29211=29;29213=29},{star=4;id=3301},{33012=29;33013=29;33011=29},{star=4;id=3351},{33512=29;33511=29;33513=29},{star=4;id=1291},{12913=29;12911=29;12912=29},{star=4;id=3541},{35412=29;35413=29;35411=29}
299,100,100,{id=2301},{23012=29;23011=29;23013=29},{star=4;id=721},{7213=29;7211=29;7212=29},{star=4;id=2071},{20712=29;20713=29;20711=29},{star=4;id=1081},{10811=29;10813=29;10812=29},{star=4;id=881},{8811=29;8813=29;8812=29},{star=4;id=2481},{24813=29;24811=29;24812=29}
300,100,100,{id=11},{112=29;111=29;113=29},{star=4;id=1611},{16113=29;16111=29;16112=29},{star=4;id=1441},{14411=29;14413=29;14412=29},{star=4;id=781},{7811=29;7812=29;7813=29},{star=4;id=481},{4811=29;4813=29;4812=29},{star=4;id=771},{7712=29;7711=29;7713=29}
301,100,100,{id=2271},{22712=31;22711=31;22713=31},{star=4;id=271},{2713=31;2712=31;2711=31},{star=4;id=3301},{33012=31;33013=31;33011=31},{star=4;id=1501},{15012=31;15011=31;15013=31},{star=4;id=51},{512=31;513=31;511=31},{star=4;id=491},{4913=31;4911=31;4912=31}
302,100,100,{id=2611},{26113=31;26111=31;26112=31},{star=4;id=391},{3912=31;3913=31;3911=31},{star=4;id=1811},{18112=31;18111=31;18113=31},{star=4;id=781},{7811=31;7812=31;7813=31},{star=4;id=881},{8811=31;8813=31;8812=31},{star=4;id=1311},{13111=31;13113=31;13112=31}
303,100,100,{id=2721},{27212=31;27213=31;27211=31},{star=4;id=2961},{29612=31;29611=31;29613=31},{star=4;id=1421},{14212=31;14211=31;14213=31},{star=4;id=271},{2713=31;2712=31;2711=31},{star=4;id=3281},{32812=31;32811=31;32813=31},{star=4;id=1391},{13911=31;13913=31;13912=31}
304,100,100,{id=751},{7512=31;7513=31;7511=31},{star=4;id=601},{6012=31;6011=31;6013=31},{star=4;id=1},{11=31;13=31;12=31},{star=4;id=3511},{35111=31;35113=31;35112=31},{star=4;id=3341},{33412=31;33413=31;33411=31},{star=4;id=881},{8811=31;8813=31;8812=31}
305,100,100,{id=1311},{13111=31;13113=31;13112=31},{star=4;id=51},{512=31;513=31;511=31},{star=4;id=3001},{30012=31;30011=31;30013=31},{star=4;id=3501},{35012=31;35011=31;35013=31},{star=4;id=21},{212=31;211=31;213=31},{star=4;id=1291},{12913=31;12911=31;12912=31}
306,100,100,{id=391},{3912=31;3913=31;3911=31},{star=4;id=2921},{29212=31;29211=31;29213=31},{star=4;id=3431},{34312=31;34313=31;34311=31},{star=4;id=2631},{26312=31;26311=31;26313=31},{star=4;id=3341},{33412=31;33413=31;33411=31},{star=4;id=691},{6912=31;6913=31;6911=31}
307,100,100,{id=781},{7811=31;7812=31;7813=31},{star=4;id=491},{4913=31;4911=31;4912=31},{star=4;id=2921},{29212=31;29211=31;29213=31},{star=4;id=631},{6313=31;6312=31;6311=31},{star=4;id=3351},{33512=31;33511=31;33513=31},{star=4;id=1291},{12913=31;12911=31;12912=31}
308,100,100,{id=11},{112=31;111=31;113=31},{star=4;id=551},{5512=31;5511=31;5513=31},{star=4;id=591},{5912=31;5911=31;5913=31},{star=4;id=1},{11=31;13=31;12=31},{star=4;id=391},{3912=31;3913=31;3911=31},{star=4;id=21},{212=31;211=31;213=31}
309,100,100,{id=3341},{33412=31;33413=31;33411=31},{star=4;id=261},{2611=31;2613=31;2612=31},{star=4;id=1811},{18112=31;18111=31;18113=31},{star=4;id=781},{7811=31;7812=31;7813=31},{star=4;id=881},{8811=31;8813=31;8812=31},{star=4;id=281},{2813=31;2811=31;2812=31}
310,100,100,{id=481},{4811=31;4813=31;4812=31},{star=4;id=1811},{18112=31;18111=31;18113=31},{star=4;id=3001},{30012=31;30011=31;30013=31},{star=4;id=3301},{33012=31;33013=31;33011=31},{star=4;id=3471},{34711=31;34713=31;34712=31},{star=4;id=1251},{12511=31;12513=31;12512=31}
311,100,100,{id=3471},{34711=31;34713=31;34712=31},{star=4;id=1441},{14411=31;14413=31;14412=31},{star=4;id=3511},{35111=31;35113=31;35112=31},{star=4;id=3501},{35012=31;35011=31;35013=31},{star=4;id=3341},{33412=31;33413=31;33411=31},{star=4;id=1311},{13111=31;13113=31;13112=31}
312,100,100,{id=1},{11=31;13=31;12=31},{star=4;id=491},{4913=31;4911=31;4912=31},{star=4;id=2631},{26312=31;26311=31;26313=31},{star=4;id=2681},{26811=31;26812=31;26813=31},{star=4;id=11},{112=31;111=31;113=31},{star=4;id=3501},{35012=31;35011=31;35013=31}
313,100,100,{id=3281},{32812=31;32811=31;32813=31},{star=4;id=1391},{13911=31;13913=31;13912=31},{star=4;id=261},{2611=31;2613=31;2612=31},{star=4;id=2721},{27212=31;27213=31;27211=31},{star=4;id=21},{212=31;211=31;213=31},{star=4;id=3001},{30012=31;30011=31;30013=31}
314,100,100,{id=3541},{35412=31;35413=31;35411=31},{star=4;id=461},{4612=31;4611=31;4613=31},{star=4;id=471},{4713=31;4711=31;4712=31},{star=4;id=791},{7912=31;7913=31;7911=31},{star=4;id=371},{3712=31;3711=31;3713=31},{star=4;id=1251},{12511=31;12513=31;12512=31}
315,100,100,{id=1171},{11712=31;11713=31;11711=31},{star=4;id=1421},{14212=31;14211=31;14213=31},{star=4;id=1611},{16113=31;16111=31;16112=31},{star=4;id=2071},{20712=31;20713=31;20711=31},{star=4;id=3141},{31413=31;31412=31;31411=31},{star=4;id=591},{5912=31;5911=31;5913=31}
316,100,100,{id=281},{2813=31;2811=31;2812=31},{star=4;id=1391},{13911=31;13913=31;13912=31},{star=4;id=2271},{22712=31;22711=31;22713=31},{star=4;id=1171},{11712=31;11713=31;11711=31},{star=4;id=3471},{34711=31;34713=31;34712=31},{star=4;id=3021},{30211=31;30213=31;30212=31}
317,100,100,{id=3541},{35412=31;35413=31;35411=31},{star=4;id=371},{3712=31;3711=31;3713=31},{star=4;id=91},{912=31;911=31;913=31},{star=4;id=691},{6912=31;6913=31;6911=31},{star=4;id=1291},{12913=31;12911=31;12912=31},{star=4;id=2071},{20712=31;20713=31;20711=31}
318,100,100,{id=91},{912=31;911=31;913=31},{star=4;id=751},{7512=31;7513=31;7511=31},{star=4;id=1501},{15012=31;15011=31;15013=31},{star=4;id=271},{2713=31;2712=31;2711=31},{star=4;id=1861},{18612=31;18611=31;18613=31},{star=4;id=3301},{33012=31;33013=31;33011=31}
319,100,100,{id=2871},{28712=31;28713=31;28711=31},{star=4;id=3011},{30113=31;30111=31;30112=31},{star=4;id=2011},{20112=31;20111=31;20113=31},{star=4;id=491},{4913=31;4911=31;4912=31},{star=4;id=3141},{31413=31;31412=31;31411=31},{star=4;id=301},{3013=31;3012=31;3011=31}
320,100,100,{id=11},{112=31;111=31;113=31},{star=4;id=2961},{29612=31;29611=31;29613=31},{star=4;id=271},{2713=31;2712=31;2711=31},{star=4;id=91},{912=31;911=31;913=31},{star=4;id=1841},{18411=31;18413=31;18412=31},{star=4;id=1391},{13911=31;13913=31;13912=31}
321,100,100,{id=3291},{32912=33;32911=33;32913=33},{star=4;id=881},{8811=33;8813=33;8812=33},{star=4;id=741},{7411=33;7412=33;7413=33},{star=4;id=2591},{25911=33;25912=33;25913=33},{star=4;id=781},{7811=33;7812=33;7813=33},{star=4;id=1311},{13111=33;13113=33;13112=33}
322,100,100,{id=331},{3312=33;3313=33;3311=33},{star=4;id=801},{8011=33;8013=33;8012=33},{star=4;id=2591},{25911=33;25912=33;25913=33},{star=4;id=2631},{26312=33;26311=33;26313=33},{star=4;id=1},{11=33;13=33;12=33},{star=4;id=1311},{13111=33;13113=33;13112=33}
323,100,100,{id=51},{512=33;513=33;511=33},{star=4;id=2011},{20112=33;20111=33;20113=33},{star=4;id=731},{7312=33;7313=33;7311=33},{star=4;id=881},{8811=33;8813=33;8812=33},{star=4;id=2921},{29212=33;29211=33;29213=33},{star=4;id=551},{5512=33;5511=33;5513=33}
324,100,100,{id=731},{7312=33;7313=33;7311=33},{star=4;id=3541},{35412=33;35413=33;35411=33},{star=4;id=3291},{32912=33;32911=33;32913=33},{star=4;id=3301},{33012=33;33013=33;33011=33},{star=4;id=3431},{34312=33;34313=33;34311=33},{star=4;id=461},{4612=33;4611=33;4613=33}
325,100,100,{id=591},{5912=33;5911=33;5913=33},{star=4;id=1501},{15012=33;15011=33;15013=33},{star=4;id=3141},{31413=33;31412=33;31411=33},{star=4;id=2721},{27212=33;27213=33;27211=33},{star=4;id=1231},{12311=33;12312=33;12313=33},{star=4;id=301},{3013=33;3012=33;3011=33}
326,100,100,{id=11},{112=33;111=33;113=33},{star=4;id=391},{3912=33;3913=33;3911=33},{star=4;id=601},{6012=33;6011=33;6013=33},{star=4;id=3141},{31413=33;31412=33;31411=33},{star=4;id=2681},{26811=33;26812=33;26813=33},{star=4;id=2821},{28211=33;28212=33;28213=33}
327,100,100,{id=3141},{31413=33;31412=33;31411=33},{star=4;id=301},{3013=33;3012=33;3011=33},{star=4;id=3291},{32912=33;32911=33;32913=33},{star=4;id=2071},{20712=33;20713=33;20711=33},{star=4;id=1861},{18612=33;18611=33;18613=33},{star=4;id=471},{4713=33;4711=33;4712=33}
328,100,100,{id=2961},{29612=33;29611=33;29613=33},{star=4;id=691},{6912=33;6913=33;6911=33},{star=4;id=1421},{14212=33;14211=33;14213=33},{star=4;id=3411},{34113=33;34111=33;34112=33},{star=4;id=21},{212=33;211=33;213=33},{star=4;id=1441},{14411=33;14413=33;14412=33}
329,100,100,{id=1251},{12511=33;12513=33;12512=33},{star=4;id=2721},{27212=33;27213=33;27211=33},{star=4;id=3301},{33012=33;33013=33;33011=33},{star=4;id=1811},{18112=33;18111=33;18113=33},{star=4;id=1861},{18612=33;18611=33;18613=33},{star=4;id=2681},{26811=33;26812=33;26813=33}
330,100,100,{id=1221},{12211=33;12213=33;12212=33},{star=4;id=591},{5912=33;5911=33;5913=33},{star=4;id=471},{4713=33;4711=33;4712=33},{star=4;id=551},{5512=33;5511=33;5513=33},{star=4;id=2271},{22712=33;22711=33;22713=33},{star=4;id=21},{212=33;211=33;213=33}
331,100,100,{id=2871},{28712=33;28713=33;28711=33},{star=4;id=3351},{33512=33;33511=33;33513=33},{star=4;id=3541},{35412=33;35413=33;35411=33},{star=4;id=551},{5512=33;5511=33;5513=33},{star=4;id=2721},{27212=33;27213=33;27211=33},{star=4;id=271},{2713=33;2712=33;2711=33}
332,100,100,{id=391},{3912=33;3913=33;3911=33},{star=4;id=1171},{11712=33;11713=33;11711=33},{star=4;id=591},{5912=33;5911=33;5913=33},{star=4;id=1251},{12511=33;12513=33;12512=33},{star=4;id=741},{7411=33;7412=33;7413=33},{star=4;id=331},{3312=33;3313=33;3311=33}
333,100,100,{id=2821},{28211=33;28212=33;28213=33},{star=4;id=2301},{23012=33;23011=33;23013=33},{star=4;id=271},{2713=33;2712=33;2711=33},{star=4;id=1841},{18411=33;18413=33;18412=33},{star=4;id=771},{7712=33;7711=33;7713=33},{star=4;id=11},{112=33;111=33;113=33}
334,100,100,{id=3301},{33012=33;33013=33;33011=33},{star=4;id=271},{2713=33;2712=33;2711=33},{star=4;id=731},{7312=33;7313=33;7311=33},{star=4;id=281},{2813=33;2811=33;2812=33},{star=4;id=471},{4713=33;4711=33;4712=33},{star=4;id=2481},{24813=33;24811=33;24812=33}
335,100,100,{id=1811},{18112=33;18111=33;18113=33},{star=4;id=1071},{10713=33;10711=33;10712=33},{star=4;id=731},{7312=33;7313=33;7311=33},{star=4;id=3541},{35412=33;35413=33;35411=33},{star=4;id=1311},{13111=33;13113=33;13112=33},{star=4;id=1391},{13911=33;13913=33;13912=33}
336,100,100,{id=2011},{20112=33;20111=33;20113=33},{star=4;id=91},{912=33;911=33;913=33},{star=4;id=461},{4612=33;4611=33;4613=33},{star=4;id=331},{3312=33;3313=33;3311=33},{star=4;id=2271},{22712=33;22711=33;22713=33},{star=4;id=391},{3912=33;3913=33;3911=33}
337,100,100,{id=2921},{29212=33;29211=33;29213=33},{star=4;id=301},{3013=33;3012=33;3011=33},{star=4;id=1291},{12913=33;12911=33;12912=33},{star=4;id=781},{7811=33;7812=33;7813=33},{star=4;id=3431},{34312=33;34313=33;34311=33},{star=4;id=2961},{29612=33;29611=33;29613=33}
338,100,100,{id=461},{4612=33;4611=33;4613=33},{star=4;id=2921},{29212=33;29211=33;29213=33},{star=4;id=2591},{25911=33;25912=33;25913=33},{star=4;id=261},{2611=33;2613=33;2612=33},{star=4;id=1},{11=33;13=33;12=33},{star=4;id=2481},{24813=33;24811=33;24812=33}
339,100,100,{id=2611},{26113=33;26111=33;26112=33},{star=4;id=331},{3312=33;3313=33;3311=33},{star=4;id=1611},{16113=33;16111=33;16112=33},{star=4;id=1251},{12511=33;12513=33;12512=33},{star=4;id=601},{6012=33;6011=33;6013=33},{star=4;id=2681},{26811=33;26812=33;26813=33}
340,100,100,{id=3541},{35412=33;35413=33;35411=33},{star=4;id=1811},{18112=33;18111=33;18113=33},{star=4;id=11},{112=33;111=33;113=33},{star=4;id=2961},{29612=33;29611=33;29613=33},{star=4;id=2011},{20112=33;20111=33;20113=33},{star=4;id=471},{4713=33;4711=33;4712=33}
341,100,100,{id=331},{3312=35;3313=35;3311=35},{star=4;id=371},{3712=35;3711=35;3713=35},{star=4;id=1391},{13911=35;13913=35;13912=35},{star=4;id=3301},{33012=35;33013=35;33011=35},{star=4;id=91},{912=35;911=35;913=35},{star=4;id=1441},{14411=35;14413=35;14412=35}
342,100,100,{id=1421},{14212=35;14211=35;14213=35},{star=4;id=2481},{24813=35;24811=35;24812=35},{star=4;id=3301},{33012=35;33013=35;33011=35},{star=4;id=51},{512=35;513=35;511=35},{star=4;id=1291},{12913=35;12911=35;12912=35},{star=4;id=3291},{32912=35;32911=35;32913=35}
343,100,100,{id=3351},{33512=35;33511=35;33513=35},{star=4;id=91},{912=35;911=35;913=35},{star=4;id=1171},{11712=35;11713=35;11711=35},{star=4;id=2871},{28712=35;28713=35;28711=35},{star=4;id=3541},{35412=35;35413=35;35411=35},{star=4;id=3281},{32812=35;32811=35;32813=35}
344,100,100,{id=1311},{13111=35;13113=35;13112=35},{star=4;id=2681},{26811=35;26812=35;26813=35},{star=4;id=1231},{12311=35;12312=35;12313=35},{star=4;id=261},{2611=35;2613=35;2612=35},{star=4;id=1501},{15012=35;15011=35;15013=35},{star=4;id=1171},{11712=35;11713=35;11711=35}
345,100,100,{id=1421},{14212=35;14211=35;14213=35},{star=4;id=1291},{12913=35;12911=35;12912=35},{star=4;id=2871},{28712=35;28713=35;28711=35},{star=4;id=2071},{20712=35;20713=35;20711=35},{star=4;id=1611},{16113=35;16111=35;16112=35},{star=4;id=1391},{13911=35;13913=35;13912=35}
346,100,100,{id=491},{4913=35;4911=35;4912=35},{star=4;id=3351},{33512=35;33511=35;33513=35},{star=4;id=2271},{22712=35;22711=35;22713=35},{star=4;id=1861},{18612=35;18611=35;18613=35},{star=4;id=261},{2611=35;2613=35;2612=35},{star=4;id=571},{5711=35;5713=35;5712=35}
347,100,100,{id=3501},{35012=35;35011=35;35013=35},{star=4;id=301},{3013=35;3012=35;3011=35},{star=4;id=1},{11=35;13=35;12=35},{star=4;id=1241},{12412=35;12411=35;12413=35},{star=4;id=3411},{34113=35;34111=35;34112=35},{star=4;id=1811},{18112=35;18111=35;18113=35}
348,100,100,{id=741},{7411=35;7412=35;7413=35},{star=4;id=3021},{30211=35;30213=35;30212=35},{star=4;id=51},{512=35;513=35;511=35},{star=4;id=1501},{15012=35;15011=35;15013=35},{star=4;id=1611},{16113=35;16111=35;16112=35},{star=4;id=461},{4612=35;4611=35;4613=35}
349,100,100,{id=461},{4612=35;4611=35;4613=35},{star=4;id=1081},{10811=35;10813=35;10812=35},{star=4;id=3001},{30012=35;30011=35;30013=35},{star=4;id=2591},{25911=35;25912=35;25913=35},{star=4;id=481},{4811=35;4813=35;4812=35},{star=4;id=271},{2713=35;2712=35;2711=35}
350,100,100,{id=2821},{28211=35;28212=35;28213=35},{star=4;id=1},{11=35;13=35;12=35},{star=4;id=461},{4612=35;4611=35;4613=35},{star=4;id=391},{3912=35;3913=35;3911=35},{star=4;id=2481},{24813=35;24811=35;24812=35},{star=4;id=781},{7811=35;7812=35;7813=35}
351,100,100,{id=371},{3712=35;3711=35;3713=35},{star=4;id=2821},{28211=35;28212=35;28213=35},{star=4;id=3291},{32912=35;32911=35;32913=35},{star=4;id=3501},{35012=35;35011=35;35013=35},{star=4;id=2071},{20712=35;20713=35;20711=35},{star=4;id=1861},{18612=35;18611=35;18613=35}
352,100,100,{id=3511},{35111=35;35113=35;35112=35},{star=4;id=2721},{27212=35;27213=35;27211=35},{star=4;id=3471},{34711=35;34713=35;34712=35},{star=4;id=11},{112=35;111=35;113=35},{star=4;id=3011},{30113=35;30111=35;30112=35},{star=4;id=2071},{20712=35;20713=35;20711=35}
353,100,100,{id=3431},{34312=35;34313=35;34311=35},{star=4;id=3291},{32912=35;32911=35;32913=35},{star=4;id=1391},{13911=35;13913=35;13912=35},{star=4;id=1071},{10713=35;10711=35;10712=35},{star=4;id=3541},{35412=35;35413=35;35411=35},{star=4;id=1221},{12211=35;12213=35;12212=35}
354,100,100,{id=571},{5711=35;5713=35;5712=35},{star=4;id=601},{6012=35;6011=35;6013=35},{star=4;id=21},{212=35;211=35;213=35},{star=4;id=801},{8011=35;8013=35;8012=35},{star=4;id=2681},{26811=35;26812=35;26813=35},{star=4;id=791},{7912=35;7913=35;7911=35}
355,100,100,{id=571},{5711=35;5713=35;5712=35},{star=4;id=1611},{16113=35;16111=35;16112=35},{star=4;id=2011},{20112=35;20111=35;20113=35},{star=4;id=551},{5512=35;5511=35;5513=35},{star=4;id=331},{3312=35;3313=35;3311=35},{star=4;id=3541},{35412=35;35413=35;35411=35}
356,100,100,{id=21},{212=35;211=35;213=35},{star=4;id=461},{4612=35;4611=35;4613=35},{star=4;id=3541},{35412=35;35413=35;35411=35},{star=4;id=481},{4811=35;4813=35;4812=35},{star=4;id=3501},{35012=35;35011=35;35013=35},{star=4;id=1391},{13911=35;13913=35;13912=35}
357,100,100,{id=601},{6012=35;6011=35;6013=35},{star=4;id=3141},{31413=35;31412=35;31411=35},{star=4;id=2721},{27212=35;27213=35;27211=35},{star=4;id=2611},{26113=35;26111=35;26112=35},{star=4;id=1311},{13111=35;13113=35;13112=35},{star=4;id=3291},{32912=35;32911=35;32913=35}
358,100,100,{id=1501},{15012=35;15011=35;15013=35},{star=4;id=3301},{33012=35;33013=35;33011=35},{star=4;id=1441},{14411=35;14413=35;14412=35},{star=4;id=1221},{12211=35;12213=35;12212=35},{star=4;id=51},{512=35;513=35;511=35},{star=4;id=3511},{35111=35;35113=35;35112=35}
359,100,100,{id=601},{6012=35;6011=35;6013=35},{star=4;id=91},{912=35;911=35;913=35},{star=4;id=3511},{35111=35;35113=35;35112=35},{star=4;id=1291},{12913=35;12911=35;12912=35},{star=4;id=2961},{29612=35;29611=35;29613=35},{star=4;id=551},{5512=35;5511=35;5513=35}
360,100,100,{id=261},{2611=35;2613=35;2612=35},{star=4;id=1251},{12511=35;12513=35;12512=35},{star=4;id=1861},{18612=35;18611=35;18613=35},{star=4;id=2481},{24813=35;24811=35;24812=35},{star=4;id=2961},{29612=35;29611=35;29613=35},{star=4;id=51},{512=35;513=35;511=35}
